Observation id,Observation date,Description,Observation type,Source,Time offset (s),Coding duration,Media duration (s),FPS (frame/s),Subject,Observation duration by subject by observation,Behavior,Behavioral category,Modifier #1,Behavior type,Start (s),Stop (s),Duration (s),Media file name,Image index start,Image index stop,Image file path start,Image file path stop,Comment start,Comment stop
Dewey,2024-12-25 19:49:30.019,,Media file,player #1:VIDEO\2022-09-05_ImpossibleTask_Dewey_Camera1.MOV,0.0,1079.657,1156.293,30.000,No focal subject,48.667,Start,Not defined,T1,POINT,49.870,49.870,NA,VIDEO\2022-09-05_ImpossibleTask_Dewey_Camera1.MOV,1496,1496,,,,
Dewey,2024-12-25 19:49:30.019,,Media file,player #1:VIDEO\2022-09-05_ImpossibleTask_Dewey_Camera1.MOV,0.0,1079.657,1156.293,30.000,No focal subject,48.667,interacting with tupperware,Not defined,,STATE,50.137,52.170,2.033,VIDEO\2022-09-05_ImpossibleTask_Dewey_Camera1.MOV,1504,1565,,,,
Dewey,2024-12-25 19:49:30.019,,Media file,player #1:VIDEO\2022-09-05_ImpossibleTask_Dewey_Camera1.MOV,0.0,1079.657,1156.293,30.000,No focal subject,48.667,interacting with tupperware,Not defined,,STATE,55.037,55.570,0.533,VIDEO\2022-09-05_ImpossibleTask_Dewey_Camera1.MOV,1651,1667,,,,
Dewey,2024-12-25 19:49:30.019,,Media file,player #1:VIDEO\2022-09-05_ImpossibleTask_Dewey_Camera1.MOV,0.0,1079.657,1156.293,30.000,No focal subject,48.667,looking at owner,Not defined,,POINT,57.170,57.170,NA,VIDEO\2022-09-05_ImpossibleTask_Dewey_Camera1.MOV,1715,1715,,,,
Dewey,2024-12-25 19:49:30.019,,Media file,player #1:VIDEO\2022-09-05_ImpossibleTask_Dewey_Camera1.MOV,0.0,1079.657,1156.293,30.000,No focal subject,48.667,looking at owner,Not defined,,POINT,78.237,78.237,NA,VIDEO\2022-09-05_ImpossibleTask_Dewey_Camera1.MOV,2348,2348,,,,
Dewey,2024-12-25 19:49:30.019,,Media file,player #1:VIDEO\2022-09-05_ImpossibleTask_Dewey_Camera1.MOV,0.0,1079.657,1156.293,30.000,No focal subject,48.667,looking at owner,Not defined,,POINT,82.438,82.438,NA,VIDEO\2022-09-05_ImpossibleTask_Dewey_Camera1.MOV,2473,2473,,,,
Dewey,2024-12-25 19:49:30.019,,Media file,player #1:VIDEO\2022-09-05_ImpossibleTask_Dewey_Camera1.MOV,0.0,1079.657,1156.293,30.000,No focal subject,48.667,looking at the tupperware,Not defined,,POINT,82.638,82.638,NA,VIDEO\2022-09-05_ImpossibleTask_Dewey_Camera1.MOV,2479,2479,,,,
Dewey,2024-12-25 19:49:30.019,,Media file,player #1:VIDEO\2022-09-05_ImpossibleTask_Dewey_Camera1.MOV,0.0,1079.657,1156.293,30.000,No focal subject,48.667,looking at owner,Not defined,,POINT,84.638,84.638,NA,VIDEO\2022-09-05_ImpossibleTask_Dewey_Camera1.MOV,2539,2539,,,,
Dewey,2024-12-25 19:49:30.019,,Media file,player #1:VIDEO\2022-09-05_ImpossibleTask_Dewey_Camera1.MOV,0.0,1079.657,1156.293,30.000,No focal subject,48.667,looking at owner,Not defined,,POINT,87.038,87.038,NA,VIDEO\2022-09-05_ImpossibleTask_Dewey_Camera1.MOV,2611,2611,,,,
Dewey,2024-12-25 19:49:30.019,,Media file,player #1:VIDEO\2022-09-05_ImpossibleTask_Dewey_Camera1.MOV,0.0,1079.657,1156.293,30.000,No focal subject,48.667,bark/whine vocalization,Not defined,,POINT,97.438,97.438,NA,VIDEO\2022-09-05_ImpossibleTask_Dewey_Camera1.MOV,2923,2923,,,,
Dewey,2024-12-25 19:49:30.019,,Media file,player #1:VIDEO\2022-09-05_ImpossibleTask_Dewey_Camera1.MOV,0.0,1079.657,1156.293,30.000,No focal subject,48.667,nudging/scratching/paw owner,Not defined,,POINT,112.973,112.973,NA,VIDEO\2022-09-05_ImpossibleTask_Dewey_Camera1.MOV,3389,3389,,,,
Dewey,2024-12-25 19:49:30.019,,Media file,player #1:VIDEO\2022-09-05_ImpossibleTask_Dewey_Camera1.MOV,0.0,1079.657,1156.293,30.000,No focal subject,48.667,looking at owner,Not defined,,POINT,114.007,114.007,NA,VIDEO\2022-09-05_ImpossibleTask_Dewey_Camera1.MOV,3420,3420,,,,
Dewey,2024-12-25 19:49:30.019,,Media file,player #1:VIDEO\2022-09-05_ImpossibleTask_Dewey_Camera1.MOV,0.0,1079.657,1156.293,30.000,No focal subject,48.667,looking at owner,Not defined,,POINT,129.740,129.740,NA,VIDEO\2022-09-05_ImpossibleTask_Dewey_Camera1.MOV,3892,3892,,,,
Dewey,2024-12-25 19:49:30.019,,Media file,player #1:VIDEO\2022-09-05_ImpossibleTask_Dewey_Camera1.MOV,0.0,1079.657,1156.293,30.000,No focal subject,48.667,looking at owner,Not defined,,POINT,135.107,135.107,NA,VIDEO\2022-09-05_ImpossibleTask_Dewey_Camera1.MOV,4053,4053,,,,
Dewey,2024-12-25 19:49:30.019,,Media file,player #1:VIDEO\2022-09-05_ImpossibleTask_Dewey_Camera1.MOV,0.0,1079.657,1156.293,30.000,No focal subject,48.667,looking at owner,Not defined,,POINT,147.008,147.008,NA,VIDEO\2022-09-05_ImpossibleTask_Dewey_Camera1.MOV,4410,4410,,,,
Dewey,2024-12-25 19:49:30.019,,Media file,player #1:VIDEO\2022-09-05_ImpossibleTask_Dewey_Camera1.MOV,0.0,1079.657,1156.293,30.000,No focal subject,48.667,bark/whine vocalization,Not defined,,POINT,170.442,170.442,NA,VIDEO\2022-09-05_ImpossibleTask_Dewey_Camera1.MOV,5113,5113,,,,
Dewey,2024-12-25 19:49:30.019,,Media file,player #1:VIDEO\2022-09-05_ImpossibleTask_Dewey_Camera1.MOV,0.0,1079.657,1156.293,30.000,No focal subject,48.667,looking at owner,Not defined,,POINT,178.110,178.110,NA,VIDEO\2022-09-05_ImpossibleTask_Dewey_Camera1.MOV,5343,5343,,,,
Dewey,2024-12-25 19:49:30.019,,Media file,player #1:VIDEO\2022-09-05_ImpossibleTask_Dewey_Camera1.MOV,0.0,1079.657,1156.293,30.000,No focal subject,48.667,bark/whine vocalization,Not defined,,POINT,180.277,180.277,NA,VIDEO\2022-09-05_ImpossibleTask_Dewey_Camera1.MOV,5408,5408,,,,
Dewey,2024-12-25 19:49:30.019,,Media file,player #1:VIDEO\2022-09-05_ImpossibleTask_Dewey_Camera1.MOV,0.0,1079.657,1156.293,30.000,No focal subject,48.667,bark/whine vocalization,Not defined,,POINT,188.043,188.043,NA,VIDEO\2022-09-05_ImpossibleTask_Dewey_Camera1.MOV,5641,5641,,,,
Dewey,2024-12-25 19:49:30.019,,Media file,player #1:VIDEO\2022-09-05_ImpossibleTask_Dewey_Camera1.MOV,0.0,1079.657,1156.293,30.000,No focal subject,48.667,bark/whine vocalization,Not defined,,POINT,192.177,192.177,NA,VIDEO\2022-09-05_ImpossibleTask_Dewey_Camera1.MOV,5765,5765,,,,
Dewey,2024-12-25 19:49:30.019,,Media file,player #1:VIDEO\2022-09-05_ImpossibleTask_Dewey_Camera1.MOV,0.0,1079.657,1156.293,30.000,No focal subject,48.667,looking at owner,Not defined,,POINT,199.310,199.310,NA,VIDEO\2022-09-05_ImpossibleTask_Dewey_Camera1.MOV,5979,5979,,,,
Dewey,2024-12-25 19:49:30.019,,Media file,player #1:VIDEO\2022-09-05_ImpossibleTask_Dewey_Camera1.MOV,0.0,1079.657,1156.293,30.000,No focal subject,48.667,bark/whine vocalization,Not defined,,POINT,203.410,203.410,NA,VIDEO\2022-09-05_ImpossibleTask_Dewey_Camera1.MOV,6102,6102,,,,
Dewey,2024-12-25 19:49:30.019,,Media file,player #1:VIDEO\2022-09-05_ImpossibleTask_Dewey_Camera1.MOV,0.0,1079.657,1156.293,30.000,No focal subject,48.667,bark/whine vocalization,Not defined,,POINT,212.712,212.712,NA,VIDEO\2022-09-05_ImpossibleTask_Dewey_Camera1.MOV,6381,6381,,,,
Dewey,2024-12-25 19:49:30.019,,Media file,player #1:VIDEO\2022-09-05_ImpossibleTask_Dewey_Camera1.MOV,0.0,1079.657,1156.293,30.000,No focal subject,48.667,End,Not defined,T1,POINT,229.878,229.878,NA,VIDEO\2022-09-05_ImpossibleTask_Dewey_Camera1.MOV,6896,6896,,,,
Dewey,2024-12-25 19:49:30.019,,Media file,player #1:VIDEO\2022-09-05_ImpossibleTask_Dewey_Camera1.MOV,0.0,1079.657,1156.293,30.000,No focal subject,48.667,Start,Not defined,T2,POINT,291.015,291.015,NA,VIDEO\2022-09-05_ImpossibleTask_Dewey_Camera1.MOV,8730,8730,,,,
Dewey,2024-12-25 19:49:30.019,,Media file,player #1:VIDEO\2022-09-05_ImpossibleTask_Dewey_Camera1.MOV,0.0,1079.657,1156.293,30.000,No focal subject,48.667,bark/whine vocalization,Not defined,,POINT,302.083,302.083,NA,VIDEO\2022-09-05_ImpossibleTask_Dewey_Camera1.MOV,9062,9062,,,,
Dewey,2024-12-25 19:49:30.019,,Media file,player #1:VIDEO\2022-09-05_ImpossibleTask_Dewey_Camera1.MOV,0.0,1079.657,1156.293,30.000,No focal subject,48.667,interacting with tupperware,Not defined,,STATE,311.117,314.983,3.866,VIDEO\2022-09-05_ImpossibleTask_Dewey_Camera1.MOV,9333,9449,,,,
Dewey,2024-12-25 19:49:30.019,,Media file,player #1:VIDEO\2022-09-05_ImpossibleTask_Dewey_Camera1.MOV,0.0,1079.657,1156.293,30.000,No focal subject,48.667,looking at owner,Not defined,,POINT,320.583,320.583,NA,VIDEO\2022-09-05_ImpossibleTask_Dewey_Camera1.MOV,9617,9617,,,,
Dewey,2024-12-25 19:49:30.019,,Media file,player #1:VIDEO\2022-09-05_ImpossibleTask_Dewey_Camera1.MOV,0.0,1079.657,1156.293,30.000,No focal subject,48.667,heavily breathing,Not defined,,POINT,321.050,321.050,NA,VIDEO\2022-09-05_ImpossibleTask_Dewey_Camera1.MOV,9631,9631,,,,
Dewey,2024-12-25 19:49:30.019,,Media file,player #1:VIDEO\2022-09-05_ImpossibleTask_Dewey_Camera1.MOV,0.0,1079.657,1156.293,30.000,No focal subject,48.667,bark/whine vocalization,Not defined,,POINT,327.750,327.750,NA,VIDEO\2022-09-05_ImpossibleTask_Dewey_Camera1.MOV,9832,9832,,,,
Dewey,2024-12-25 19:49:30.019,,Media file,player #1:VIDEO\2022-09-05_ImpossibleTask_Dewey_Camera1.MOV,0.0,1079.657,1156.293,30.000,No focal subject,48.667,bark/whine vocalization,Not defined,,POINT,329.517,329.517,NA,VIDEO\2022-09-05_ImpossibleTask_Dewey_Camera1.MOV,9885,9885,,,,
Dewey,2024-12-25 19:49:30.019,,Media file,player #1:VIDEO\2022-09-05_ImpossibleTask_Dewey_Camera1.MOV,0.0,1079.657,1156.293,30.000,No focal subject,48.667,bark/whine vocalization,Not defined,,POINT,332.818,332.818,NA,VIDEO\2022-09-05_ImpossibleTask_Dewey_Camera1.MOV,9984,9984,,,,
Dewey,2024-12-25 19:49:30.019,,Media file,player #1:VIDEO\2022-09-05_ImpossibleTask_Dewey_Camera1.MOV,0.0,1079.657,1156.293,30.000,No focal subject,48.667,bark/whine vocalization,Not defined,,POINT,342.618,342.618,NA,VIDEO\2022-09-05_ImpossibleTask_Dewey_Camera1.MOV,10278,10278,,,,
Dewey,2024-12-25 19:49:30.019,,Media file,player #1:VIDEO\2022-09-05_ImpossibleTask_Dewey_Camera1.MOV,0.0,1079.657,1156.293,30.000,No focal subject,48.667,bark/whine vocalization,Not defined,,POINT,358.152,358.152,NA,VIDEO\2022-09-05_ImpossibleTask_Dewey_Camera1.MOV,10744,10744,,,,
Dewey,2024-12-25 19:49:30.019,,Media file,player #1:VIDEO\2022-09-05_ImpossibleTask_Dewey_Camera1.MOV,0.0,1079.657,1156.293,30.000,No focal subject,48.667,bark/whine vocalization,Not defined,,POINT,374.487,374.487,NA,VIDEO\2022-09-05_ImpossibleTask_Dewey_Camera1.MOV,11234,11234,,,,
Dewey,2024-12-25 19:49:30.019,,Media file,player #1:VIDEO\2022-09-05_ImpossibleTask_Dewey_Camera1.MOV,0.0,1079.657,1156.293,30.000,No focal subject,48.667,heavily breathing,Not defined,,POINT,374.520,374.520,NA,VIDEO\2022-09-05_ImpossibleTask_Dewey_Camera1.MOV,11235,11235,,,,
Dewey,2024-12-25 19:49:30.019,,Media file,player #1:VIDEO\2022-09-05_ImpossibleTask_Dewey_Camera1.MOV,0.0,1079.657,1156.293,30.000,No focal subject,48.667,looking at owner,Not defined,,POINT,378.187,378.187,NA,VIDEO\2022-09-05_ImpossibleTask_Dewey_Camera1.MOV,11345,11345,,,,
Dewey,2024-12-25 19:49:30.019,,Media file,player #1:VIDEO\2022-09-05_ImpossibleTask_Dewey_Camera1.MOV,0.0,1079.657,1156.293,30.000,No focal subject,48.667,bark/whine vocalization,Not defined,,POINT,379.387,379.387,NA,VIDEO\2022-09-05_ImpossibleTask_Dewey_Camera1.MOV,11381,11381,,,,
Dewey,2024-12-25 19:49:30.019,,Media file,player #1:VIDEO\2022-09-05_ImpossibleTask_Dewey_Camera1.MOV,0.0,1079.657,1156.293,30.000,No focal subject,48.667,looking at owner,Not defined,,POINT,385.020,385.020,NA,VIDEO\2022-09-05_ImpossibleTask_Dewey_Camera1.MOV,11550,11550,,,,
Dewey,2024-12-25 19:49:30.019,,Media file,player #1:VIDEO\2022-09-05_ImpossibleTask_Dewey_Camera1.MOV,0.0,1079.657,1156.293,30.000,No focal subject,48.667,bark/whine vocalization,Not defined,,POINT,388.887,388.887,NA,VIDEO\2022-09-05_ImpossibleTask_Dewey_Camera1.MOV,11666,11666,,,,
Dewey,2024-12-25 19:49:30.019,,Media file,player #1:VIDEO\2022-09-05_ImpossibleTask_Dewey_Camera1.MOV,0.0,1079.657,1156.293,30.000,No focal subject,48.667,bark/whine vocalization,Not defined,,POINT,399.455,399.455,NA,VIDEO\2022-09-05_ImpossibleTask_Dewey_Camera1.MOV,11983,11983,,,,
Dewey,2024-12-25 19:49:30.019,,Media file,player #1:VIDEO\2022-09-05_ImpossibleTask_Dewey_Camera1.MOV,0.0,1079.657,1156.293,30.000,No focal subject,48.667,bark/whine vocalization,Not defined,,POINT,403.422,403.422,NA,VIDEO\2022-09-05_ImpossibleTask_Dewey_Camera1.MOV,12102,12102,,,,
Dewey,2024-12-25 19:49:30.019,,Media file,player #1:VIDEO\2022-09-05_ImpossibleTask_Dewey_Camera1.MOV,0.0,1079.657,1156.293,30.000,No focal subject,48.667,bark/whine vocalization,Not defined,,POINT,406.488,406.488,NA,VIDEO\2022-09-05_ImpossibleTask_Dewey_Camera1.MOV,12194,12194,,,,
Dewey,2024-12-25 19:49:30.019,,Media file,player #1:VIDEO\2022-09-05_ImpossibleTask_Dewey_Camera1.MOV,0.0,1079.657,1156.293,30.000,No focal subject,48.667,bark/whine vocalization,Not defined,,POINT,409.022,409.022,NA,VIDEO\2022-09-05_ImpossibleTask_Dewey_Camera1.MOV,12270,12270,,,,
Dewey,2024-12-25 19:49:30.019,,Media file,player #1:VIDEO\2022-09-05_ImpossibleTask_Dewey_Camera1.MOV,0.0,1079.657,1156.293,30.000,No focal subject,48.667,bark/whine vocalization,Not defined,,POINT,416.622,416.622,NA,VIDEO\2022-09-05_ImpossibleTask_Dewey_Camera1.MOV,12498,12498,,,,
Dewey,2024-12-25 19:49:30.019,,Media file,player #1:VIDEO\2022-09-05_ImpossibleTask_Dewey_Camera1.MOV,0.0,1079.657,1156.293,30.000,No focal subject,48.667,bark/whine vocalization,Not defined,,POINT,417.188,417.188,NA,VIDEO\2022-09-05_ImpossibleTask_Dewey_Camera1.MOV,12515,12515,,,,
Dewey,2024-12-25 19:49:30.019,,Media file,player #1:VIDEO\2022-09-05_ImpossibleTask_Dewey_Camera1.MOV,0.0,1079.657,1156.293,30.000,No focal subject,48.667,bark/whine vocalization,Not defined,,POINT,419.855,419.855,NA,VIDEO\2022-09-05_ImpossibleTask_Dewey_Camera1.MOV,12595,12595,,,,
Dewey,2024-12-25 19:49:30.019,,Media file,player #1:VIDEO\2022-09-05_ImpossibleTask_Dewey_Camera1.MOV,0.0,1079.657,1156.293,30.000,No focal subject,48.667,bark/whine vocalization,Not defined,,POINT,422.188,422.188,NA,VIDEO\2022-09-05_ImpossibleTask_Dewey_Camera1.MOV,12665,12665,,,,
Dewey,2024-12-25 19:49:30.019,,Media file,player #1:VIDEO\2022-09-05_ImpossibleTask_Dewey_Camera1.MOV,0.0,1079.657,1156.293,30.000,No focal subject,48.667,bark/whine vocalization,Not defined,,POINT,422.555,422.555,NA,VIDEO\2022-09-05_ImpossibleTask_Dewey_Camera1.MOV,12676,12676,,,,
Dewey,2024-12-25 19:49:30.019,,Media file,player #1:VIDEO\2022-09-05_ImpossibleTask_Dewey_Camera1.MOV,0.0,1079.657,1156.293,30.000,No focal subject,48.667,bark/whine vocalization,Not defined,,POINT,433.590,433.590,NA,VIDEO\2022-09-05_ImpossibleTask_Dewey_Camera1.MOV,13007,13007,,,,
Dewey,2024-12-25 19:49:30.019,,Media file,player #1:VIDEO\2022-09-05_ImpossibleTask_Dewey_Camera1.MOV,0.0,1079.657,1156.293,30.000,No focal subject,48.667,looking at owner,Not defined,,POINT,435.523,435.523,NA,VIDEO\2022-09-05_ImpossibleTask_Dewey_Camera1.MOV,13065,13065,,,,
Dewey,2024-12-25 19:49:30.019,,Media file,player #1:VIDEO\2022-09-05_ImpossibleTask_Dewey_Camera1.MOV,0.0,1079.657,1156.293,30.000,No focal subject,48.667,looking at owner,Not defined,,POINT,441.390,441.390,NA,VIDEO\2022-09-05_ImpossibleTask_Dewey_Camera1.MOV,13241,13241,,,,
Dewey,2024-12-25 19:49:30.019,,Media file,player #1:VIDEO\2022-09-05_ImpossibleTask_Dewey_Camera1.MOV,0.0,1079.657,1156.293,30.000,No focal subject,48.667,bark/whine vocalization,Not defined,,POINT,444.790,444.790,NA,VIDEO\2022-09-05_ImpossibleTask_Dewey_Camera1.MOV,13343,13343,,,,
Dewey,2024-12-25 19:49:30.019,,Media file,player #1:VIDEO\2022-09-05_ImpossibleTask_Dewey_Camera1.MOV,0.0,1079.657,1156.293,30.000,No focal subject,48.667,bark/whine vocalization,Not defined,,POINT,448.257,448.257,NA,VIDEO\2022-09-05_ImpossibleTask_Dewey_Camera1.MOV,13447,13447,,,,
Dewey,2024-12-25 19:49:30.019,,Media file,player #1:VIDEO\2022-09-05_ImpossibleTask_Dewey_Camera1.MOV,0.0,1079.657,1156.293,30.000,No focal subject,48.667,bark/whine vocalization,Not defined,,POINT,448.657,448.657,NA,VIDEO\2022-09-05_ImpossibleTask_Dewey_Camera1.MOV,13459,13459,,,,
Dewey,2024-12-25 19:49:30.019,,Media file,player #1:VIDEO\2022-09-05_ImpossibleTask_Dewey_Camera1.MOV,0.0,1079.657,1156.293,30.000,No focal subject,48.667,bark/whine vocalization,Not defined,,POINT,451.257,451.257,NA,VIDEO\2022-09-05_ImpossibleTask_Dewey_Camera1.MOV,13537,13537,,,,
Dewey,2024-12-25 19:49:30.019,,Media file,player #1:VIDEO\2022-09-05_ImpossibleTask_Dewey_Camera1.MOV,0.0,1079.657,1156.293,30.000,No focal subject,48.667,bark/whine vocalization,Not defined,,POINT,456.657,456.657,NA,VIDEO\2022-09-05_ImpossibleTask_Dewey_Camera1.MOV,13699,13699,,,,
Dewey,2024-12-25 19:49:30.019,,Media file,player #1:VIDEO\2022-09-05_ImpossibleTask_Dewey_Camera1.MOV,0.0,1079.657,1156.293,30.000,No focal subject,48.667,End,Not defined,T2,POINT,471.025,471.025,NA,VIDEO\2022-09-05_ImpossibleTask_Dewey_Camera1.MOV,14130,14130,,,,
Dewey,2024-12-25 19:49:30.019,,Media file,player #1:VIDEO\2022-09-05_ImpossibleTask_Dewey_Camera1.MOV,0.0,1079.657,1156.293,30.000,No focal subject,48.667,Start,Not defined,T3,POINT,508.727,508.727,NA,VIDEO\2022-09-05_ImpossibleTask_Dewey_Camera1.MOV,15261,15261,,,,
Dewey,2024-12-25 19:49:30.019,,Media file,player #1:VIDEO\2022-09-05_ImpossibleTask_Dewey_Camera1.MOV,0.0,1079.657,1156.293,30.000,No focal subject,48.667,interacting with tupperware,Not defined,,STATE,510.960,514.460,3.500,VIDEO\2022-09-05_ImpossibleTask_Dewey_Camera1.MOV,15328,15433,,,,
Dewey,2024-12-25 19:49:30.019,,Media file,player #1:VIDEO\2022-09-05_ImpossibleTask_Dewey_Camera1.MOV,0.0,1079.657,1156.293,30.000,No focal subject,48.667,looking at owner,Not defined,,POINT,517.060,517.060,NA,VIDEO\2022-09-05_ImpossibleTask_Dewey_Camera1.MOV,15511,15511,,,,
Dewey,2024-12-25 19:49:30.019,,Media file,player #1:VIDEO\2022-09-05_ImpossibleTask_Dewey_Camera1.MOV,0.0,1079.657,1156.293,30.000,No focal subject,48.667,interacting with tupperware,Not defined,,STATE,523.195,527.595,4.400,VIDEO\2022-09-05_ImpossibleTask_Dewey_Camera1.MOV,15695,15827,,,,
Dewey,2024-12-25 19:49:30.019,,Media file,player #1:VIDEO\2022-09-05_ImpossibleTask_Dewey_Camera1.MOV,0.0,1079.657,1156.293,30.000,No focal subject,48.667,bark/whine vocalization,Not defined,,POINT,524.162,524.162,NA,VIDEO\2022-09-05_ImpossibleTask_Dewey_Camera1.MOV,15724,15724,,,,
Dewey,2024-12-25 19:49:30.019,,Media file,player #1:VIDEO\2022-09-05_ImpossibleTask_Dewey_Camera1.MOV,0.0,1079.657,1156.293,30.000,No focal subject,48.667,interacting with tupperware,Not defined,,STATE,530.362,532.462,2.100,VIDEO\2022-09-05_ImpossibleTask_Dewey_Camera1.MOV,15910,15973,,,,
Dewey,2024-12-25 19:49:30.019,,Media file,player #1:VIDEO\2022-09-05_ImpossibleTask_Dewey_Camera1.MOV,0.0,1079.657,1156.293,30.000,No focal subject,48.667,bark/whine vocalization,Not defined,,POINT,532.462,532.462,NA,VIDEO\2022-09-05_ImpossibleTask_Dewey_Camera1.MOV,15973,15973,,,,
Dewey,2024-12-25 19:49:30.019,,Media file,player #1:VIDEO\2022-09-05_ImpossibleTask_Dewey_Camera1.MOV,0.0,1079.657,1156.293,30.000,No focal subject,48.667,looking at owner,Not defined,,POINT,534.762,534.762,NA,VIDEO\2022-09-05_ImpossibleTask_Dewey_Camera1.MOV,16042,16042,,,,
Dewey,2024-12-25 19:49:30.019,,Media file,player #1:VIDEO\2022-09-05_ImpossibleTask_Dewey_Camera1.MOV,0.0,1079.657,1156.293,30.000,No focal subject,48.667,bark/whine vocalization,Not defined,,POINT,535.362,535.362,NA,VIDEO\2022-09-05_ImpossibleTask_Dewey_Camera1.MOV,16060,16060,,,,
Dewey,2024-12-25 19:49:30.019,,Media file,player #1:VIDEO\2022-09-05_ImpossibleTask_Dewey_Camera1.MOV,0.0,1079.657,1156.293,30.000,No focal subject,48.667,bark/whine vocalization,Not defined,,POINT,542.762,542.762,NA,VIDEO\2022-09-05_ImpossibleTask_Dewey_Camera1.MOV,16282,16282,,,,
Dewey,2024-12-25 19:49:30.019,,Media file,player #1:VIDEO\2022-09-05_ImpossibleTask_Dewey_Camera1.MOV,0.0,1079.657,1156.293,30.000,No focal subject,48.667,looking at owner,Not defined,,POINT,543.095,543.095,NA,VIDEO\2022-09-05_ImpossibleTask_Dewey_Camera1.MOV,16292,16292,,,,
Dewey,2024-12-25 19:49:30.019,,Media file,player #1:VIDEO\2022-09-05_ImpossibleTask_Dewey_Camera1.MOV,0.0,1079.657,1156.293,30.000,No focal subject,48.667,looking at owner,Not defined,,POINT,544.395,544.395,NA,VIDEO\2022-09-05_ImpossibleTask_Dewey_Camera1.MOV,16331,16331,,,,
Dewey,2024-12-25 19:49:30.019,,Media file,player #1:VIDEO\2022-09-05_ImpossibleTask_Dewey_Camera1.MOV,0.0,1079.657,1156.293,30.000,No focal subject,48.667,nudging/scratching/paw owner,Not defined,,POINT,551.628,551.628,NA,VIDEO\2022-09-05_ImpossibleTask_Dewey_Camera1.MOV,16548,16548,,,,
Dewey,2024-12-25 19:49:30.019,,Media file,player #1:VIDEO\2022-09-05_ImpossibleTask_Dewey_Camera1.MOV,0.0,1079.657,1156.293,30.000,No focal subject,48.667,bark/whine vocalization,Not defined,,POINT,554.197,554.197,NA,VIDEO\2022-09-05_ImpossibleTask_Dewey_Camera1.MOV,16625,16625,,,,
Dewey,2024-12-25 19:49:30.019,,Media file,player #1:VIDEO\2022-09-05_ImpossibleTask_Dewey_Camera1.MOV,0.0,1079.657,1156.293,30.000,No focal subject,48.667,bark/whine vocalization,Not defined,,POINT,556.397,556.397,NA,VIDEO\2022-09-05_ImpossibleTask_Dewey_Camera1.MOV,16691,16691,,,,
Dewey,2024-12-25 19:49:30.019,,Media file,player #1:VIDEO\2022-09-05_ImpossibleTask_Dewey_Camera1.MOV,0.0,1079.657,1156.293,30.000,No focal subject,48.667,bark/whine vocalization,Not defined,,POINT,562.397,562.397,NA,VIDEO\2022-09-05_ImpossibleTask_Dewey_Camera1.MOV,16871,16871,,,,
Dewey,2024-12-25 19:49:30.019,,Media file,player #1:VIDEO\2022-09-05_ImpossibleTask_Dewey_Camera1.MOV,0.0,1079.657,1156.293,30.000,No focal subject,48.667,looking at owner,Not defined,,POINT,567.463,567.463,NA,VIDEO\2022-09-05_ImpossibleTask_Dewey_Camera1.MOV,17023,17023,,,,
Dewey,2024-12-25 19:49:30.019,,Media file,player #1:VIDEO\2022-09-05_ImpossibleTask_Dewey_Camera1.MOV,0.0,1079.657,1156.293,30.000,No focal subject,48.667,looking at owner,Not defined,,POINT,570.730,570.730,NA,VIDEO\2022-09-05_ImpossibleTask_Dewey_Camera1.MOV,17121,17121,,,,
Dewey,2024-12-25 19:49:30.019,,Media file,player #1:VIDEO\2022-09-05_ImpossibleTask_Dewey_Camera1.MOV,0.0,1079.657,1156.293,30.000,No focal subject,48.667,bark/whine vocalization,Not defined,,POINT,575.097,575.097,NA,VIDEO\2022-09-05_ImpossibleTask_Dewey_Camera1.MOV,17252,17252,,,,
Dewey,2024-12-25 19:49:30.019,,Media file,player #1:VIDEO\2022-09-05_ImpossibleTask_Dewey_Camera1.MOV,0.0,1079.657,1156.293,30.000,No focal subject,48.667,looking at owner,Not defined,,POINT,582.630,582.630,NA,VIDEO\2022-09-05_ImpossibleTask_Dewey_Camera1.MOV,17477,17477,,,,
Dewey,2024-12-25 19:49:30.019,,Media file,player #1:VIDEO\2022-09-05_ImpossibleTask_Dewey_Camera1.MOV,0.0,1079.657,1156.293,30.000,No focal subject,48.667,bark/whine vocalization,Not defined,,POINT,584.230,584.230,NA,VIDEO\2022-09-05_ImpossibleTask_Dewey_Camera1.MOV,17525,17525,,,,
Dewey,2024-12-25 19:49:30.019,,Media file,player #1:VIDEO\2022-09-05_ImpossibleTask_Dewey_Camera1.MOV,0.0,1079.657,1156.293,30.000,No focal subject,48.667,looking at owner,Not defined,,POINT,591.632,591.632,NA,VIDEO\2022-09-05_ImpossibleTask_Dewey_Camera1.MOV,17748,17748,,,,
Dewey,2024-12-25 19:49:30.019,,Media file,player #1:VIDEO\2022-09-05_ImpossibleTask_Dewey_Camera1.MOV,0.0,1079.657,1156.293,30.000,No focal subject,48.667,bark/whine vocalization,Not defined,,POINT,593.598,593.598,NA,VIDEO\2022-09-05_ImpossibleTask_Dewey_Camera1.MOV,17807,17807,,,,
Dewey,2024-12-25 19:49:30.019,,Media file,player #1:VIDEO\2022-09-05_ImpossibleTask_Dewey_Camera1.MOV,0.0,1079.657,1156.293,30.000,No focal subject,48.667,bark/whine vocalization,Not defined,,POINT,595.498,595.498,NA,VIDEO\2022-09-05_ImpossibleTask_Dewey_Camera1.MOV,17864,17864,,,,
Dewey,2024-12-25 19:49:30.019,,Media file,player #1:VIDEO\2022-09-05_ImpossibleTask_Dewey_Camera1.MOV,0.0,1079.657,1156.293,30.000,No focal subject,48.667,bark/whine vocalization,Not defined,,POINT,596.832,596.832,NA,VIDEO\2022-09-05_ImpossibleTask_Dewey_Camera1.MOV,17904,17904,,,,
Dewey,2024-12-25 19:49:30.019,,Media file,player #1:VIDEO\2022-09-05_ImpossibleTask_Dewey_Camera1.MOV,0.0,1079.657,1156.293,30.000,No focal subject,48.667,bark/whine vocalization,Not defined,,POINT,602.798,602.798,NA,VIDEO\2022-09-05_ImpossibleTask_Dewey_Camera1.MOV,18082,18082,,,,
Dewey,2024-12-25 19:49:30.019,,Media file,player #1:VIDEO\2022-09-05_ImpossibleTask_Dewey_Camera1.MOV,0.0,1079.657,1156.293,30.000,No focal subject,48.667,bark/whine vocalization,Not defined,,POINT,605.632,605.632,NA,VIDEO\2022-09-05_ImpossibleTask_Dewey_Camera1.MOV,18167,18167,,,,
Dewey,2024-12-25 19:49:30.019,,Media file,player #1:VIDEO\2022-09-05_ImpossibleTask_Dewey_Camera1.MOV,0.0,1079.657,1156.293,30.000,No focal subject,48.667,bark/whine vocalization,Not defined,,POINT,609.032,609.032,NA,VIDEO\2022-09-05_ImpossibleTask_Dewey_Camera1.MOV,18269,18269,,,,
Dewey,2024-12-25 19:49:30.019,,Media file,player #1:VIDEO\2022-09-05_ImpossibleTask_Dewey_Camera1.MOV,0.0,1079.657,1156.293,30.000,No focal subject,48.667,bark/whine vocalization,Not defined,,POINT,611.998,611.998,NA,VIDEO\2022-09-05_ImpossibleTask_Dewey_Camera1.MOV,18358,18358,,,,
Dewey,2024-12-25 19:49:30.019,,Media file,player #1:VIDEO\2022-09-05_ImpossibleTask_Dewey_Camera1.MOV,0.0,1079.657,1156.293,30.000,No focal subject,48.667,bark/whine vocalization,Not defined,,POINT,627.300,627.300,NA,VIDEO\2022-09-05_ImpossibleTask_Dewey_Camera1.MOV,18817,18817,,,,
Dewey,2024-12-25 19:49:30.019,,Media file,player #1:VIDEO\2022-09-05_ImpossibleTask_Dewey_Camera1.MOV,0.0,1079.657,1156.293,30.000,No focal subject,48.667,bark/whine vocalization,Not defined,,POINT,629.700,629.700,NA,VIDEO\2022-09-05_ImpossibleTask_Dewey_Camera1.MOV,18889,18889,,,,
Dewey,2024-12-25 19:49:30.019,,Media file,player #1:VIDEO\2022-09-05_ImpossibleTask_Dewey_Camera1.MOV,0.0,1079.657,1156.293,30.000,No focal subject,48.667,bark/whine vocalization,Not defined,,POINT,631.400,631.400,NA,VIDEO\2022-09-05_ImpossibleTask_Dewey_Camera1.MOV,18940,18940,,,,
Dewey,2024-12-25 19:49:30.019,,Media file,player #1:VIDEO\2022-09-05_ImpossibleTask_Dewey_Camera1.MOV,0.0,1079.657,1156.293,30.000,No focal subject,48.667,bark/whine vocalization,Not defined,,POINT,633.633,633.633,NA,VIDEO\2022-09-05_ImpossibleTask_Dewey_Camera1.MOV,19007,19007,,,,
Dewey,2024-12-25 19:49:30.019,,Media file,player #1:VIDEO\2022-09-05_ImpossibleTask_Dewey_Camera1.MOV,0.0,1079.657,1156.293,30.000,No focal subject,48.667,bark/whine vocalization,Not defined,,POINT,654.902,654.902,NA,VIDEO\2022-09-05_ImpossibleTask_Dewey_Camera1.MOV,19645,19645,,,,
Dewey,2024-12-25 19:49:30.019,,Media file,player #1:VIDEO\2022-09-05_ImpossibleTask_Dewey_Camera1.MOV,0.0,1079.657,1156.293,30.000,No focal subject,48.667,bark/whine vocalization,Not defined,,POINT,659.502,659.502,NA,VIDEO\2022-09-05_ImpossibleTask_Dewey_Camera1.MOV,19783,19783,,,,
Dewey,2024-12-25 19:49:30.019,,Media file,player #1:VIDEO\2022-09-05_ImpossibleTask_Dewey_Camera1.MOV,0.0,1079.657,1156.293,30.000,No focal subject,48.667,bark/whine vocalization,Not defined,,POINT,661.768,661.768,NA,VIDEO\2022-09-05_ImpossibleTask_Dewey_Camera1.MOV,19851,19851,,,,
Dewey,2024-12-25 19:49:30.019,,Media file,player #1:VIDEO\2022-09-05_ImpossibleTask_Dewey_Camera1.MOV,0.0,1079.657,1156.293,30.000,No focal subject,48.667,bark/whine vocalization,Not defined,,POINT,663.635,663.635,NA,VIDEO\2022-09-05_ImpossibleTask_Dewey_Camera1.MOV,19907,19907,,,,
Dewey,2024-12-25 19:49:30.019,,Media file,player #1:VIDEO\2022-09-05_ImpossibleTask_Dewey_Camera1.MOV,0.0,1079.657,1156.293,30.000,No focal subject,48.667,heavily breathing,Not defined,,POINT,664.302,664.302,NA,VIDEO\2022-09-05_ImpossibleTask_Dewey_Camera1.MOV,19927,19927,,,,
Dewey,2024-12-25 19:49:30.019,,Media file,player #1:VIDEO\2022-09-05_ImpossibleTask_Dewey_Camera1.MOV,0.0,1079.657,1156.293,30.000,No focal subject,48.667,looking at owner,Not defined,,POINT,669.735,669.735,NA,VIDEO\2022-09-05_ImpossibleTask_Dewey_Camera1.MOV,20090,20090,,,,
Dewey,2024-12-25 19:49:30.019,,Media file,player #1:VIDEO\2022-09-05_ImpossibleTask_Dewey_Camera1.MOV,0.0,1079.657,1156.293,30.000,No focal subject,48.667,bark/whine vocalization,Not defined,,POINT,670.568,670.568,NA,VIDEO\2022-09-05_ImpossibleTask_Dewey_Camera1.MOV,20115,20115,,,,
Dewey,2024-12-25 19:49:30.019,,Media file,player #1:VIDEO\2022-09-05_ImpossibleTask_Dewey_Camera1.MOV,0.0,1079.657,1156.293,30.000,No focal subject,48.667,looking at owner,Not defined,,POINT,672.468,672.468,NA,VIDEO\2022-09-05_ImpossibleTask_Dewey_Camera1.MOV,20172,20172,,,,
Dewey,2024-12-25 19:49:30.019,,Media file,player #1:VIDEO\2022-09-05_ImpossibleTask_Dewey_Camera1.MOV,0.0,1079.657,1156.293,30.000,No focal subject,48.667,bark/whine vocalization,Not defined,,POINT,674.002,674.002,NA,VIDEO\2022-09-05_ImpossibleTask_Dewey_Camera1.MOV,20218,20218,,,,
Dewey,2024-12-25 19:49:30.019,,Media file,player #1:VIDEO\2022-09-05_ImpossibleTask_Dewey_Camera1.MOV,0.0,1079.657,1156.293,30.000,No focal subject,48.667,bark/whine vocalization,Not defined,,POINT,684.237,684.237,NA,VIDEO\2022-09-05_ImpossibleTask_Dewey_Camera1.MOV,20525,20525,,,,
Dewey,2024-12-25 19:49:30.019,,Media file,player #1:VIDEO\2022-09-05_ImpossibleTask_Dewey_Camera1.MOV,0.0,1079.657,1156.293,30.000,No focal subject,48.667,End,Not defined,T3,POINT,688.737,688.737,NA,VIDEO\2022-09-05_ImpossibleTask_Dewey_Camera1.MOV,20660,20660,,,,
Dewey,2024-12-25 19:49:30.019,,Media file,player #1:VIDEO\2022-09-05_ImpossibleTask_Dewey_Camera1.MOV,0.0,1079.657,1156.293,30.000,No focal subject,48.667,Start,Not defined,T5,POINT,725.972,725.972,NA,VIDEO\2022-09-05_ImpossibleTask_Dewey_Camera1.MOV,21777,21777,,,,
Dewey,2024-12-25 19:49:30.019,,Media file,player #1:VIDEO\2022-09-05_ImpossibleTask_Dewey_Camera1.MOV,0.0,1079.657,1156.293,30.000,No focal subject,48.667,interacting with tupperware,Not defined,,STATE,728.638,731.938,3.300,VIDEO\2022-09-05_ImpossibleTask_Dewey_Camera1.MOV,21857,21956,,,,
Dewey,2024-12-25 19:49:30.019,,Media file,player #1:VIDEO\2022-09-05_ImpossibleTask_Dewey_Camera1.MOV,0.0,1079.657,1156.293,30.000,No focal subject,48.667,looking at owner,Not defined,,POINT,734.972,734.972,NA,VIDEO\2022-09-05_ImpossibleTask_Dewey_Camera1.MOV,22047,22047,,,,
Dewey,2024-12-25 19:49:30.019,,Media file,player #1:VIDEO\2022-09-05_ImpossibleTask_Dewey_Camera1.MOV,0.0,1079.657,1156.293,30.000,No focal subject,48.667,bark/whine vocalization,Not defined,,POINT,737.938,737.938,NA,VIDEO\2022-09-05_ImpossibleTask_Dewey_Camera1.MOV,22136,22136,,,,
Dewey,2024-12-25 19:49:30.019,,Media file,player #1:VIDEO\2022-09-05_ImpossibleTask_Dewey_Camera1.MOV,0.0,1079.657,1156.293,30.000,No focal subject,48.667,positioning in front of owner,Not defined,,POINT,741.638,741.638,NA,VIDEO\2022-09-05_ImpossibleTask_Dewey_Camera1.MOV,22247,22247,,,,
Dewey,2024-12-25 19:49:30.019,,Media file,player #1:VIDEO\2022-09-05_ImpossibleTask_Dewey_Camera1.MOV,0.0,1079.657,1156.293,30.000,No focal subject,48.667,looking at owner,Not defined,,POINT,746.907,746.907,NA,VIDEO\2022-09-05_ImpossibleTask_Dewey_Camera1.MOV,22405,22405,,,,
Dewey,2024-12-25 19:49:30.019,,Media file,player #1:VIDEO\2022-09-05_ImpossibleTask_Dewey_Camera1.MOV,0.0,1079.657,1156.293,30.000,No focal subject,48.667,looking at owner,Not defined,,POINT,748.407,748.407,NA,VIDEO\2022-09-05_ImpossibleTask_Dewey_Camera1.MOV,22450,22450,,,,
Dewey,2024-12-25 19:49:30.019,,Media file,player #1:VIDEO\2022-09-05_ImpossibleTask_Dewey_Camera1.MOV,0.0,1079.657,1156.293,30.000,No focal subject,48.667,bark/whine vocalization,Not defined,,POINT,750.740,750.740,NA,VIDEO\2022-09-05_ImpossibleTask_Dewey_Camera1.MOV,22520,22520,,,,
Dewey,2024-12-25 19:49:30.019,,Media file,player #1:VIDEO\2022-09-05_ImpossibleTask_Dewey_Camera1.MOV,0.0,1079.657,1156.293,30.000,No focal subject,48.667,looking at owner,Not defined,,POINT,753.973,753.973,NA,VIDEO\2022-09-05_ImpossibleTask_Dewey_Camera1.MOV,22617,22617,,,,
Dewey,2024-12-25 19:49:30.019,,Media file,player #1:VIDEO\2022-09-05_ImpossibleTask_Dewey_Camera1.MOV,0.0,1079.657,1156.293,30.000,No focal subject,48.667,bark/whine vocalization,Not defined,,POINT,755.073,755.073,NA,VIDEO\2022-09-05_ImpossibleTask_Dewey_Camera1.MOV,22650,22650,,,,
Dewey,2024-12-25 19:49:30.019,,Media file,player #1:VIDEO\2022-09-05_ImpossibleTask_Dewey_Camera1.MOV,0.0,1079.657,1156.293,30.000,No focal subject,48.667,bark/whine vocalization,Not defined,,POINT,755.707,755.707,NA,VIDEO\2022-09-05_ImpossibleTask_Dewey_Camera1.MOV,22669,22669,,,,
Dewey,2024-12-25 19:49:30.019,,Media file,player #1:VIDEO\2022-09-05_ImpossibleTask_Dewey_Camera1.MOV,0.0,1079.657,1156.293,30.000,No focal subject,48.667,bark/whine vocalization,Not defined,,POINT,757.973,757.973,NA,VIDEO\2022-09-05_ImpossibleTask_Dewey_Camera1.MOV,22737,22737,,,,
Dewey,2024-12-25 19:49:30.019,,Media file,player #1:VIDEO\2022-09-05_ImpossibleTask_Dewey_Camera1.MOV,0.0,1079.657,1156.293,30.000,No focal subject,48.667,bark/whine vocalization,Not defined,,POINT,759.707,759.707,NA,VIDEO\2022-09-05_ImpossibleTask_Dewey_Camera1.MOV,22789,22789,,,,
Dewey,2024-12-25 19:49:30.019,,Media file,player #1:VIDEO\2022-09-05_ImpossibleTask_Dewey_Camera1.MOV,0.0,1079.657,1156.293,30.000,No focal subject,48.667,bark/whine vocalization,Not defined,,POINT,762.040,762.040,NA,VIDEO\2022-09-05_ImpossibleTask_Dewey_Camera1.MOV,22859,22859,,,,
Dewey,2024-12-25 19:49:30.019,,Media file,player #1:VIDEO\2022-09-05_ImpossibleTask_Dewey_Camera1.MOV,0.0,1079.657,1156.293,30.000,No focal subject,48.667,bark/whine vocalization,Not defined,,POINT,764.040,764.040,NA,VIDEO\2022-09-05_ImpossibleTask_Dewey_Camera1.MOV,22919,22919,,,,
Dewey,2024-12-25 19:49:30.019,,Media file,player #1:VIDEO\2022-09-05_ImpossibleTask_Dewey_Camera1.MOV,0.0,1079.657,1156.293,30.000,No focal subject,48.667,bark/whine vocalization,Not defined,,POINT,768.773,768.773,NA,VIDEO\2022-09-05_ImpossibleTask_Dewey_Camera1.MOV,23061,23061,,,,
Dewey,2024-12-25 19:49:30.019,,Media file,player #1:VIDEO\2022-09-05_ImpossibleTask_Dewey_Camera1.MOV,0.0,1079.657,1156.293,30.000,No focal subject,48.667,bark/whine vocalization,Not defined,,POINT,771.273,771.273,NA,VIDEO\2022-09-05_ImpossibleTask_Dewey_Camera1.MOV,23136,23136,,,,
Dewey,2024-12-25 19:49:30.019,,Media file,player #1:VIDEO\2022-09-05_ImpossibleTask_Dewey_Camera1.MOV,0.0,1079.657,1156.293,30.000,No focal subject,48.667,bark/whine vocalization,Not defined,,POINT,773.140,773.140,NA,VIDEO\2022-09-05_ImpossibleTask_Dewey_Camera1.MOV,23192,23192,,,,
Dewey,2024-12-25 19:49:30.019,,Media file,player #1:VIDEO\2022-09-05_ImpossibleTask_Dewey_Camera1.MOV,0.0,1079.657,1156.293,30.000,No focal subject,48.667,looking at owner,Not defined,,POINT,774.440,774.440,NA,VIDEO\2022-09-05_ImpossibleTask_Dewey_Camera1.MOV,23231,23231,,,,
Dewey,2024-12-25 19:49:30.019,,Media file,player #1:VIDEO\2022-09-05_ImpossibleTask_Dewey_Camera1.MOV,0.0,1079.657,1156.293,30.000,No focal subject,48.667,alternating gaze,Not defined,,STATE,774.440,779.042,4.602,VIDEO\2022-09-05_ImpossibleTask_Dewey_Camera1.MOV,23231,23369,,,,
Dewey,2024-12-25 19:49:30.019,,Media file,player #1:VIDEO\2022-09-05_ImpossibleTask_Dewey_Camera1.MOV,0.0,1079.657,1156.293,30.000,No focal subject,48.667,bark/whine vocalization,Not defined,,POINT,775.308,775.308,NA,VIDEO\2022-09-05_ImpossibleTask_Dewey_Camera1.MOV,23257,23257,,,,
Dewey,2024-12-25 19:49:30.019,,Media file,player #1:VIDEO\2022-09-05_ImpossibleTask_Dewey_Camera1.MOV,0.0,1079.657,1156.293,30.000,No focal subject,48.667,looking at the tupperware,Not defined,,POINT,776.875,776.875,NA,VIDEO\2022-09-05_ImpossibleTask_Dewey_Camera1.MOV,23304,23304,,,,
Dewey,2024-12-25 19:49:30.019,,Media file,player #1:VIDEO\2022-09-05_ImpossibleTask_Dewey_Camera1.MOV,0.0,1079.657,1156.293,30.000,No focal subject,48.667,looking at owner,Not defined,,POINT,779.042,779.042,NA,VIDEO\2022-09-05_ImpossibleTask_Dewey_Camera1.MOV,23369,23369,,,,
Dewey,2024-12-25 19:49:30.019,,Media file,player #1:VIDEO\2022-09-05_ImpossibleTask_Dewey_Camera1.MOV,0.0,1079.657,1156.293,30.000,No focal subject,48.667,bark/whine vocalization,Not defined,,POINT,785.575,785.575,NA,VIDEO\2022-09-05_ImpossibleTask_Dewey_Camera1.MOV,23565,23565,,,,
Dewey,2024-12-25 19:49:30.019,,Media file,player #1:VIDEO\2022-09-05_ImpossibleTask_Dewey_Camera1.MOV,0.0,1079.657,1156.293,30.000,No focal subject,48.667,bark/whine vocalization,Not defined,,POINT,787.108,787.108,NA,VIDEO\2022-09-05_ImpossibleTask_Dewey_Camera1.MOV,23611,23611,,,,
Dewey,2024-12-25 19:49:30.019,,Media file,player #1:VIDEO\2022-09-05_ImpossibleTask_Dewey_Camera1.MOV,0.0,1079.657,1156.293,30.000,No focal subject,48.667,bark/whine vocalization,Not defined,,POINT,789.042,789.042,NA,VIDEO\2022-09-05_ImpossibleTask_Dewey_Camera1.MOV,23669,23669,,,,
Dewey,2024-12-25 19:49:30.019,,Media file,player #1:VIDEO\2022-09-05_ImpossibleTask_Dewey_Camera1.MOV,0.0,1079.657,1156.293,30.000,No focal subject,48.667,bark/whine vocalization,Not defined,,POINT,790.375,790.375,NA,VIDEO\2022-09-05_ImpossibleTask_Dewey_Camera1.MOV,23709,23709,,,,
Dewey,2024-12-25 19:49:30.019,,Media file,player #1:VIDEO\2022-09-05_ImpossibleTask_Dewey_Camera1.MOV,0.0,1079.657,1156.293,30.000,No focal subject,48.667,bark/whine vocalization,Not defined,,POINT,791.342,791.342,NA,VIDEO\2022-09-05_ImpossibleTask_Dewey_Camera1.MOV,23738,23738,,,,
Dewey,2024-12-25 19:49:30.019,,Media file,player #1:VIDEO\2022-09-05_ImpossibleTask_Dewey_Camera1.MOV,0.0,1079.657,1156.293,30.000,No focal subject,48.667,looking at owner,Not defined,,POINT,793.608,793.608,NA,VIDEO\2022-09-05_ImpossibleTask_Dewey_Camera1.MOV,23806,23806,,,,
Dewey,2024-12-25 19:49:30.019,,Media file,player #1:VIDEO\2022-09-05_ImpossibleTask_Dewey_Camera1.MOV,0.0,1079.657,1156.293,30.000,No focal subject,48.667,looking at owner,Not defined,,POINT,799.175,799.175,NA,VIDEO\2022-09-05_ImpossibleTask_Dewey_Camera1.MOV,23973,23973,,,,
Dewey,2024-12-25 19:49:30.019,,Media file,player #1:VIDEO\2022-09-05_ImpossibleTask_Dewey_Camera1.MOV,0.0,1079.657,1156.293,30.000,No focal subject,48.667,bark/whine vocalization,Not defined,,POINT,818.710,818.710,NA,VIDEO\2022-09-05_ImpossibleTask_Dewey_Camera1.MOV,24559,24559,,,,
Dewey,2024-12-25 19:49:30.019,,Media file,player #1:VIDEO\2022-09-05_ImpossibleTask_Dewey_Camera1.MOV,0.0,1079.657,1156.293,30.000,No focal subject,48.667,looking at owner,Not defined,,POINT,825.777,825.777,NA,VIDEO\2022-09-05_ImpossibleTask_Dewey_Camera1.MOV,24771,24771,,,,
Dewey,2024-12-25 19:49:30.019,,Media file,player #1:VIDEO\2022-09-05_ImpossibleTask_Dewey_Camera1.MOV,0.0,1079.657,1156.293,30.000,No focal subject,48.667,bark/whine vocalization,Not defined,,POINT,826.477,826.477,NA,VIDEO\2022-09-05_ImpossibleTask_Dewey_Camera1.MOV,24792,24792,,,,
Dewey,2024-12-25 19:49:30.019,,Media file,player #1:VIDEO\2022-09-05_ImpossibleTask_Dewey_Camera1.MOV,0.0,1079.657,1156.293,30.000,No focal subject,48.667,bark/whine vocalization,Not defined,,POINT,830.243,830.243,NA,VIDEO\2022-09-05_ImpossibleTask_Dewey_Camera1.MOV,24905,24905,,,,
Dewey,2024-12-25 19:49:30.019,,Media file,player #1:VIDEO\2022-09-05_ImpossibleTask_Dewey_Camera1.MOV,0.0,1079.657,1156.293,30.000,No focal subject,48.667,looking at owner,Not defined,,POINT,832.677,832.677,NA,VIDEO\2022-09-05_ImpossibleTask_Dewey_Camera1.MOV,24978,24978,,,,
Dewey,2024-12-25 19:49:30.019,,Media file,player #1:VIDEO\2022-09-05_ImpossibleTask_Dewey_Camera1.MOV,0.0,1079.657,1156.293,30.000,No focal subject,48.667,bark/whine vocalization,Not defined,,POINT,834.977,834.977,NA,VIDEO\2022-09-05_ImpossibleTask_Dewey_Camera1.MOV,25047,25047,,,,
Dewey,2024-12-25 19:49:30.019,,Media file,player #1:VIDEO\2022-09-05_ImpossibleTask_Dewey_Camera1.MOV,0.0,1079.657,1156.293,30.000,No focal subject,48.667,bark/whine vocalization,Not defined,,POINT,837.910,837.910,NA,VIDEO\2022-09-05_ImpossibleTask_Dewey_Camera1.MOV,25135,25135,,,,
Dewey,2024-12-25 19:49:30.019,,Media file,player #1:VIDEO\2022-09-05_ImpossibleTask_Dewey_Camera1.MOV,0.0,1079.657,1156.293,30.000,No focal subject,48.667,looking at owner,Not defined,,POINT,840.045,840.045,NA,VIDEO\2022-09-05_ImpossibleTask_Dewey_Camera1.MOV,25199,25199,,,,
Dewey,2024-12-25 19:49:30.019,,Media file,player #1:VIDEO\2022-09-05_ImpossibleTask_Dewey_Camera1.MOV,0.0,1079.657,1156.293,30.000,No focal subject,48.667,bark/whine vocalization,Not defined,,POINT,840.045,840.045,NA,VIDEO\2022-09-05_ImpossibleTask_Dewey_Camera1.MOV,25199,25199,,,,
Dewey,2024-12-25 19:49:30.019,,Media file,player #1:VIDEO\2022-09-05_ImpossibleTask_Dewey_Camera1.MOV,0.0,1079.657,1156.293,30.000,No focal subject,48.667,End,Not defined,T4,POINT,915.982,915.982,NA,VIDEO\2022-09-05_ImpossibleTask_Dewey_Camera1.MOV,27477,27477,,,,
Dewey,2024-12-25 19:49:30.019,,Media file,player #1:VIDEO\2022-09-05_ImpossibleTask_Dewey_Camera1.MOV,0.0,1079.657,1156.293,30.000,No focal subject,48.667,Start,Not defined,T5,POINT,949.517,949.517,NA,VIDEO\2022-09-05_ImpossibleTask_Dewey_Camera1.MOV,28483,28483,,,,
Dewey,2024-12-25 19:49:30.019,,Media file,player #1:VIDEO\2022-09-05_ImpossibleTask_Dewey_Camera1.MOV,0.0,1079.657,1156.293,30.000,No focal subject,48.667,interacting with tupperware,Not defined,,STATE,953.717,963.683,9.966,VIDEO\2022-09-05_ImpossibleTask_Dewey_Camera1.MOV,28609,28908,,,,
Dewey,2024-12-25 19:49:30.019,,Media file,player #1:VIDEO\2022-09-05_ImpossibleTask_Dewey_Camera1.MOV,0.0,1079.657,1156.293,30.000,No focal subject,48.667,looking at owner,Not defined,,POINT,964.852,964.852,NA,VIDEO\2022-09-05_ImpossibleTask_Dewey_Camera1.MOV,28943,28943,,,,
Dewey,2024-12-25 19:49:30.019,,Media file,player #1:VIDEO\2022-09-05_ImpossibleTask_Dewey_Camera1.MOV,0.0,1079.657,1156.293,30.000,No focal subject,48.667,positioning in front of owner,Not defined,,POINT,967.185,967.185,NA,VIDEO\2022-09-05_ImpossibleTask_Dewey_Camera1.MOV,29013,29013,,,,
Dewey,2024-12-25 19:49:30.019,,Media file,player #1:VIDEO\2022-09-05_ImpossibleTask_Dewey_Camera1.MOV,0.0,1079.657,1156.293,30.000,No focal subject,48.667,heavily breathing,Not defined,,POINT,968.252,968.252,NA,VIDEO\2022-09-05_ImpossibleTask_Dewey_Camera1.MOV,29045,29045,,,,
Dewey,2024-12-25 19:49:30.019,,Media file,player #1:VIDEO\2022-09-05_ImpossibleTask_Dewey_Camera1.MOV,0.0,1079.657,1156.293,30.000,No focal subject,48.667,nudging/scratching/paw owner,Not defined,,POINT,974.018,974.018,NA,VIDEO\2022-09-05_ImpossibleTask_Dewey_Camera1.MOV,29218,29218,,,,
Dewey,2024-12-25 19:49:30.019,,Media file,player #1:VIDEO\2022-09-05_ImpossibleTask_Dewey_Camera1.MOV,0.0,1079.657,1156.293,30.000,No focal subject,48.667,nudging/scratching/paw owner,Not defined,,POINT,974.952,974.952,NA,VIDEO\2022-09-05_ImpossibleTask_Dewey_Camera1.MOV,29246,29246,,,,
Dewey,2024-12-25 19:49:30.019,,Media file,player #1:VIDEO\2022-09-05_ImpossibleTask_Dewey_Camera1.MOV,0.0,1079.657,1156.293,30.000,No focal subject,48.667,nudging/scratching/paw owner,Not defined,,POINT,977.285,977.285,NA,VIDEO\2022-09-05_ImpossibleTask_Dewey_Camera1.MOV,29316,29316,,,,
Dewey,2024-12-25 19:49:30.019,,Media file,player #1:VIDEO\2022-09-05_ImpossibleTask_Dewey_Camera1.MOV,0.0,1079.657,1156.293,30.000,No focal subject,48.667,looking at owner,Not defined,,POINT,984.852,984.852,NA,VIDEO\2022-09-05_ImpossibleTask_Dewey_Camera1.MOV,29543,29543,,,,
Dewey,2024-12-25 19:49:30.019,,Media file,player #1:VIDEO\2022-09-05_ImpossibleTask_Dewey_Camera1.MOV,0.0,1079.657,1156.293,30.000,No focal subject,48.667,looking at owner,Not defined,,POINT,986.718,986.718,NA,VIDEO\2022-09-05_ImpossibleTask_Dewey_Camera1.MOV,29599,29599,,,,
Dewey,2024-12-25 19:49:30.019,,Media file,player #1:VIDEO\2022-09-05_ImpossibleTask_Dewey_Camera1.MOV,0.0,1079.657,1156.293,30.000,No focal subject,48.667,bark/whine vocalization,Not defined,,POINT,1010.553,1010.553,NA,VIDEO\2022-09-05_ImpossibleTask_Dewey_Camera1.MOV,30314,30314,,,,
Dewey,2024-12-25 19:49:30.019,,Media file,player #1:VIDEO\2022-09-05_ImpossibleTask_Dewey_Camera1.MOV,0.0,1079.657,1156.293,30.000,No focal subject,48.667,looking at owner,Not defined,,POINT,1033.088,1033.088,NA,VIDEO\2022-09-05_ImpossibleTask_Dewey_Camera1.MOV,30990,30990,,,,
Dewey,2024-12-25 19:49:30.019,,Media file,player #1:VIDEO\2022-09-05_ImpossibleTask_Dewey_Camera1.MOV,0.0,1079.657,1156.293,30.000,No focal subject,48.667,looking at owner,Not defined,,POINT,1035.622,1035.622,NA,VIDEO\2022-09-05_ImpossibleTask_Dewey_Camera1.MOV,31066,31066,,,,
Dewey,2024-12-25 19:49:30.019,,Media file,player #1:VIDEO\2022-09-05_ImpossibleTask_Dewey_Camera1.MOV,0.0,1079.657,1156.293,30.000,No focal subject,48.667,looking at owner,Not defined,,POINT,1048.488,1048.488,NA,VIDEO\2022-09-05_ImpossibleTask_Dewey_Camera1.MOV,31452,31452,,,,
Dewey,2024-12-25 19:49:30.019,,Media file,player #1:VIDEO\2022-09-05_ImpossibleTask_Dewey_Camera1.MOV,0.0,1079.657,1156.293,30.000,No focal subject,48.667,looking at owner,Not defined,,POINT,1056.922,1056.922,NA,VIDEO\2022-09-05_ImpossibleTask_Dewey_Camera1.MOV,31705,31705,,,,
Dewey,2024-12-25 19:49:30.019,,Media file,player #1:VIDEO\2022-09-05_ImpossibleTask_Dewey_Camera1.MOV,0.0,1079.657,1156.293,30.000,No focal subject,48.667,alternating gaze,Not defined,,STATE,1059.723,1074.090,14.367,VIDEO\2022-09-05_ImpossibleTask_Dewey_Camera1.MOV,31789,32220,,,,
Dewey,2024-12-25 19:49:30.019,,Media file,player #1:VIDEO\2022-09-05_ImpossibleTask_Dewey_Camera1.MOV,0.0,1079.657,1156.293,30.000,No focal subject,48.667,looking at owner,Not defined,,POINT,1063.757,1063.757,NA,VIDEO\2022-09-05_ImpossibleTask_Dewey_Camera1.MOV,31910,31910,,,,
Dewey,2024-12-25 19:49:30.019,,Media file,player #1:VIDEO\2022-09-05_ImpossibleTask_Dewey_Camera1.MOV,0.0,1079.657,1156.293,30.000,No focal subject,48.667,bark/whine vocalization,Not defined,,POINT,1064.390,1064.390,NA,VIDEO\2022-09-05_ImpossibleTask_Dewey_Camera1.MOV,31929,31929,,,,
Dewey,2024-12-25 19:49:30.019,,Media file,player #1:VIDEO\2022-09-05_ImpossibleTask_Dewey_Camera1.MOV,0.0,1079.657,1156.293,30.000,No focal subject,48.667,looking at the tupperware,Not defined,,POINT,1068.723,1068.723,NA,VIDEO\2022-09-05_ImpossibleTask_Dewey_Camera1.MOV,32059,32059,,,,
Dewey,2024-12-25 19:49:30.019,,Media file,player #1:VIDEO\2022-09-05_ImpossibleTask_Dewey_Camera1.MOV,0.0,1079.657,1156.293,30.000,No focal subject,48.667,End,Not defined,T5,POINT,1129.527,1129.527,NA,VIDEO\2022-09-05_ImpossibleTask_Dewey_Camera1.MOV,33883,33883,,,,
