Observation id,Observation date,Description,Observation duration,Observation type,Source,Time offset (s),Media duration (s),FPS,Subject,Behavior,Behavioral category,Modifier #1,Behavior type,Time,Media file name,Image index,Image file path,Comment
2022-09-05_ImpossibleTask_Dewey_Camera1,2024-11-05 05:54:02.095,,1082.057,Media file(s),player #1:C:/Users/gogue/Desktop/Dog_Coding/DONE/Dewey/2022-09-05_ImpossibleTask_Dewey_Camera1.MOV,0.0,1156.293,30.000,,Start,,T1,POINT,49.703,C:/Users/gogue/Desktop/Dog_Coding/DONE/Dewey/2022-09-05_ImpossibleTask_Dewey_Camera1.MOV,1491,NA,
2022-09-05_ImpossibleTask_Dewey_Camera1,2024-11-05 05:54:02.095,,1082.057,Media file(s),player #1:C:/Users/gogue/Desktop/Dog_Coding/DONE/Dewey/2022-09-05_ImpossibleTask_Dewey_Camera1.MOV,0.0,1156.293,30.000,,interacting with tupperware,,,START,50.070,C:/Users/gogue/Desktop/Dog_Coding/DONE/Dewey/2022-09-05_ImpossibleTask_Dewey_Camera1.MOV,1502,NA,
2022-09-05_ImpossibleTask_Dewey_Camera1,2024-11-05 05:54:02.095,,1082.057,Media file(s),player #1:C:/Users/gogue/Desktop/Dog_Coding/DONE/Dewey/2022-09-05_ImpossibleTask_Dewey_Camera1.MOV,0.0,1156.293,30.000,,interacting with tupperware,,,STOP,52.703,C:/Users/gogue/Desktop/Dog_Coding/DONE/Dewey/2022-09-05_ImpossibleTask_Dewey_Camera1.MOV,1581,NA,
2022-09-05_ImpossibleTask_Dewey_Camera1,2024-11-05 05:54:02.095,,1082.057,Media file(s),player #1:C:/Users/gogue/Desktop/Dog_Coding/DONE/Dewey/2022-09-05_ImpossibleTask_Dewey_Camera1.MOV,0.0,1156.293,30.000,,alternating gaze,,,POINT,53.703,C:/Users/gogue/Desktop/Dog_Coding/DONE/Dewey/2022-09-05_ImpossibleTask_Dewey_Camera1.MOV,1611,NA,
2022-09-05_ImpossibleTask_Dewey_Camera1,2024-11-05 05:54:02.095,,1082.057,Media file(s),player #1:C:/Users/gogue/Desktop/Dog_Coding/DONE/Dewey/2022-09-05_ImpossibleTask_Dewey_Camera1.MOV,0.0,1156.293,30.000,,interacting with tupperware,,,START,54.737,C:/Users/gogue/Desktop/Dog_Coding/DONE/Dewey/2022-09-05_ImpossibleTask_Dewey_Camera1.MOV,1642,NA,
2022-09-05_ImpossibleTask_Dewey_Camera1,2024-11-05 05:54:02.095,,1082.057,Media file(s),player #1:C:/Users/gogue/Desktop/Dog_Coding/DONE/Dewey/2022-09-05_ImpossibleTask_Dewey_Camera1.MOV,0.0,1156.293,30.000,,interacting with tupperware,,,STOP,55.203,C:/Users/gogue/Desktop/Dog_Coding/DONE/Dewey/2022-09-05_ImpossibleTask_Dewey_Camera1.MOV,1656,NA,
2022-09-05_ImpossibleTask_Dewey_Camera1,2024-11-05 05:54:02.095,,1082.057,Media file(s),player #1:C:/Users/gogue/Desktop/Dog_Coding/DONE/Dewey/2022-09-05_ImpossibleTask_Dewey_Camera1.MOV,0.0,1156.293,30.000,,alternating gaze,,,POINT,55.770,C:/Users/gogue/Desktop/Dog_Coding/DONE/Dewey/2022-09-05_ImpossibleTask_Dewey_Camera1.MOV,1673,NA,
2022-09-05_ImpossibleTask_Dewey_Camera1,2024-11-05 05:54:02.095,,1082.057,Media file(s),player #1:C:/Users/gogue/Desktop/Dog_Coding/DONE/Dewey/2022-09-05_ImpossibleTask_Dewey_Camera1.MOV,0.0,1156.293,30.000,,looking at owner,,,POINT,56.803,C:/Users/gogue/Desktop/Dog_Coding/DONE/Dewey/2022-09-05_ImpossibleTask_Dewey_Camera1.MOV,1704,NA,
2022-09-05_ImpossibleTask_Dewey_Camera1,2024-11-05 05:54:02.095,,1082.057,Media file(s),player #1:C:/Users/gogue/Desktop/Dog_Coding/DONE/Dewey/2022-09-05_ImpossibleTask_Dewey_Camera1.MOV,0.0,1156.293,30.000,,nudging/scratching/paw owner,,,POINT,64.603,C:/Users/gogue/Desktop/Dog_Coding/DONE/Dewey/2022-09-05_ImpossibleTask_Dewey_Camera1.MOV,1938,NA,
2022-09-05_ImpossibleTask_Dewey_Camera1,2024-11-05 05:54:02.095,,1082.057,Media file(s),player #1:C:/Users/gogue/Desktop/Dog_Coding/DONE/Dewey/2022-09-05_ImpossibleTask_Dewey_Camera1.MOV,0.0,1156.293,30.000,,looking at owner,,,POINT,78.070,C:/Users/gogue/Desktop/Dog_Coding/DONE/Dewey/2022-09-05_ImpossibleTask_Dewey_Camera1.MOV,2342,NA,
2022-09-05_ImpossibleTask_Dewey_Camera1,2024-11-05 05:54:02.095,,1082.057,Media file(s),player #1:C:/Users/gogue/Desktop/Dog_Coding/DONE/Dewey/2022-09-05_ImpossibleTask_Dewey_Camera1.MOV,0.0,1156.293,30.000,,looking at owner,,,POINT,82.205,C:/Users/gogue/Desktop/Dog_Coding/DONE/Dewey/2022-09-05_ImpossibleTask_Dewey_Camera1.MOV,2466,NA,
2022-09-05_ImpossibleTask_Dewey_Camera1,2024-11-05 05:54:02.095,,1082.057,Media file(s),player #1:C:/Users/gogue/Desktop/Dog_Coding/DONE/Dewey/2022-09-05_ImpossibleTask_Dewey_Camera1.MOV,0.0,1156.293,30.000,,alternating gaze,,,POINT,82.605,C:/Users/gogue/Desktop/Dog_Coding/DONE/Dewey/2022-09-05_ImpossibleTask_Dewey_Camera1.MOV,2478,NA,
2022-09-05_ImpossibleTask_Dewey_Camera1,2024-11-05 05:54:02.095,,1082.057,Media file(s),player #1:C:/Users/gogue/Desktop/Dog_Coding/DONE/Dewey/2022-09-05_ImpossibleTask_Dewey_Camera1.MOV,0.0,1156.293,30.000,,looking at owner,,,POINT,86.238,C:/Users/gogue/Desktop/Dog_Coding/DONE/Dewey/2022-09-05_ImpossibleTask_Dewey_Camera1.MOV,2587,NA,
2022-09-05_ImpossibleTask_Dewey_Camera1,2024-11-05 05:54:02.095,,1082.057,Media file(s),player #1:C:/Users/gogue/Desktop/Dog_Coding/DONE/Dewey/2022-09-05_ImpossibleTask_Dewey_Camera1.MOV,0.0,1156.293,30.000,,bark/whine vocalization,,,POINT,97.472,C:/Users/gogue/Desktop/Dog_Coding/DONE/Dewey/2022-09-05_ImpossibleTask_Dewey_Camera1.MOV,2924,NA,
2022-09-05_ImpossibleTask_Dewey_Camera1,2024-11-05 05:54:02.095,,1082.057,Media file(s),player #1:C:/Users/gogue/Desktop/Dog_Coding/DONE/Dewey/2022-09-05_ImpossibleTask_Dewey_Camera1.MOV,0.0,1156.293,30.000,,nudging/scratching/paw owner,,,POINT,113.107,C:/Users/gogue/Desktop/Dog_Coding/DONE/Dewey/2022-09-05_ImpossibleTask_Dewey_Camera1.MOV,3393,NA,
2022-09-05_ImpossibleTask_Dewey_Camera1,2024-11-05 05:54:02.095,,1082.057,Media file(s),player #1:C:/Users/gogue/Desktop/Dog_Coding/DONE/Dewey/2022-09-05_ImpossibleTask_Dewey_Camera1.MOV,0.0,1156.293,30.000,,looking at owner,,,POINT,125.007,C:/Users/gogue/Desktop/Dog_Coding/DONE/Dewey/2022-09-05_ImpossibleTask_Dewey_Camera1.MOV,3750,NA,
2022-09-05_ImpossibleTask_Dewey_Camera1,2024-11-05 05:54:02.095,,1082.057,Media file(s),player #1:C:/Users/gogue/Desktop/Dog_Coding/DONE/Dewey/2022-09-05_ImpossibleTask_Dewey_Camera1.MOV,0.0,1156.293,30.000,,looking at owner,,,POINT,128.873,C:/Users/gogue/Desktop/Dog_Coding/DONE/Dewey/2022-09-05_ImpossibleTask_Dewey_Camera1.MOV,3866,NA,
2022-09-05_ImpossibleTask_Dewey_Camera1,2024-11-05 05:54:02.095,,1082.057,Media file(s),player #1:C:/Users/gogue/Desktop/Dog_Coding/DONE/Dewey/2022-09-05_ImpossibleTask_Dewey_Camera1.MOV,0.0,1156.293,30.000,,looking at owner,,,POINT,134.740,C:/Users/gogue/Desktop/Dog_Coding/DONE/Dewey/2022-09-05_ImpossibleTask_Dewey_Camera1.MOV,4042,NA,
2022-09-05_ImpossibleTask_Dewey_Camera1,2024-11-05 05:54:02.095,,1082.057,Media file(s),player #1:C:/Users/gogue/Desktop/Dog_Coding/DONE/Dewey/2022-09-05_ImpossibleTask_Dewey_Camera1.MOV,0.0,1156.293,30.000,,alternating gaze,,,POINT,178.010,C:/Users/gogue/Desktop/Dog_Coding/DONE/Dewey/2022-09-05_ImpossibleTask_Dewey_Camera1.MOV,5340,NA,
2022-09-05_ImpossibleTask_Dewey_Camera1,2024-11-05 05:54:02.095,,1082.057,Media file(s),player #1:C:/Users/gogue/Desktop/Dog_Coding/DONE/Dewey/2022-09-05_ImpossibleTask_Dewey_Camera1.MOV,0.0,1156.293,30.000,,looking at owner,,,POINT,199.043,C:/Users/gogue/Desktop/Dog_Coding/DONE/Dewey/2022-09-05_ImpossibleTask_Dewey_Camera1.MOV,5971,NA,
2022-09-05_ImpossibleTask_Dewey_Camera1,2024-11-05 05:54:02.095,,1082.057,Media file(s),player #1:C:/Users/gogue/Desktop/Dog_Coding/DONE/Dewey/2022-09-05_ImpossibleTask_Dewey_Camera1.MOV,0.0,1156.293,30.000,,looking at owner,,,POINT,202.177,C:/Users/gogue/Desktop/Dog_Coding/DONE/Dewey/2022-09-05_ImpossibleTask_Dewey_Camera1.MOV,6065,NA,
2022-09-05_ImpossibleTask_Dewey_Camera1,2024-11-05 05:54:02.095,,1082.057,Media file(s),player #1:C:/Users/gogue/Desktop/Dog_Coding/DONE/Dewey/2022-09-05_ImpossibleTask_Dewey_Camera1.MOV,0.0,1156.293,30.000,,End,,T1,POINT,229.712,C:/Users/gogue/Desktop/Dog_Coding/DONE/Dewey/2022-09-05_ImpossibleTask_Dewey_Camera1.MOV,6891,NA,
2022-09-05_ImpossibleTask_Dewey_Camera1,2024-11-05 05:54:02.095,,1082.057,Media file(s),player #1:C:/Users/gogue/Desktop/Dog_Coding/DONE/Dewey/2022-09-05_ImpossibleTask_Dewey_Camera1.MOV,0.0,1156.293,30.000,,Start,,T2,POINT,282.182,C:/Users/gogue/Desktop/Dog_Coding/DONE/Dewey/2022-09-05_ImpossibleTask_Dewey_Camera1.MOV,8465,NA,
2022-09-05_ImpossibleTask_Dewey_Camera1,2024-11-05 05:54:02.095,,1082.057,Media file(s),player #1:C:/Users/gogue/Desktop/Dog_Coding/DONE/Dewey/2022-09-05_ImpossibleTask_Dewey_Camera1.MOV,0.0,1156.293,30.000,,alternating gaze,,,POINT,282.615,C:/Users/gogue/Desktop/Dog_Coding/DONE/Dewey/2022-09-05_ImpossibleTask_Dewey_Camera1.MOV,8478,NA,
2022-09-05_ImpossibleTask_Dewey_Camera1,2024-11-05 05:54:02.095,,1082.057,Media file(s),player #1:C:/Users/gogue/Desktop/Dog_Coding/DONE/Dewey/2022-09-05_ImpossibleTask_Dewey_Camera1.MOV,0.0,1156.293,30.000,,alternating gaze,,,POINT,306.250,C:/Users/gogue/Desktop/Dog_Coding/DONE/Dewey/2022-09-05_ImpossibleTask_Dewey_Camera1.MOV,9187,NA,
2022-09-05_ImpossibleTask_Dewey_Camera1,2024-11-05 05:54:02.095,,1082.057,Media file(s),player #1:C:/Users/gogue/Desktop/Dog_Coding/DONE/Dewey/2022-09-05_ImpossibleTask_Dewey_Camera1.MOV,0.0,1156.293,30.000,,interacting with tupperware,,,START,310.783,C:/Users/gogue/Desktop/Dog_Coding/DONE/Dewey/2022-09-05_ImpossibleTask_Dewey_Camera1.MOV,9323,NA,
2022-09-05_ImpossibleTask_Dewey_Camera1,2024-11-05 05:54:02.095,,1082.057,Media file(s),player #1:C:/Users/gogue/Desktop/Dog_Coding/DONE/Dewey/2022-09-05_ImpossibleTask_Dewey_Camera1.MOV,0.0,1156.293,30.000,,interacting with tupperware,,,STOP,316.583,C:/Users/gogue/Desktop/Dog_Coding/DONE/Dewey/2022-09-05_ImpossibleTask_Dewey_Camera1.MOV,9497,NA,
2022-09-05_ImpossibleTask_Dewey_Camera1,2024-11-05 05:54:02.095,,1082.057,Media file(s),player #1:C:/Users/gogue/Desktop/Dog_Coding/DONE/Dewey/2022-09-05_ImpossibleTask_Dewey_Camera1.MOV,0.0,1156.293,30.000,,looking at owner,,,POINT,320.050,C:/Users/gogue/Desktop/Dog_Coding/DONE/Dewey/2022-09-05_ImpossibleTask_Dewey_Camera1.MOV,9601,NA,
2022-09-05_ImpossibleTask_Dewey_Camera1,2024-11-05 05:54:02.095,,1082.057,Media file(s),player #1:C:/Users/gogue/Desktop/Dog_Coding/DONE/Dewey/2022-09-05_ImpossibleTask_Dewey_Camera1.MOV,0.0,1156.293,30.000,,positioning in front of owner,,,POINT,321.550,C:/Users/gogue/Desktop/Dog_Coding/DONE/Dewey/2022-09-05_ImpossibleTask_Dewey_Camera1.MOV,9646,NA,
2022-09-05_ImpossibleTask_Dewey_Camera1,2024-11-05 05:54:02.095,,1082.057,Media file(s),player #1:C:/Users/gogue/Desktop/Dog_Coding/DONE/Dewey/2022-09-05_ImpossibleTask_Dewey_Camera1.MOV,0.0,1156.293,30.000,,looking at owner,,,POINT,335.485,C:/Users/gogue/Desktop/Dog_Coding/DONE/Dewey/2022-09-05_ImpossibleTask_Dewey_Camera1.MOV,10064,NA,
2022-09-05_ImpossibleTask_Dewey_Camera1,2024-11-05 05:54:02.095,,1082.057,Media file(s),player #1:C:/Users/gogue/Desktop/Dog_Coding/DONE/Dewey/2022-09-05_ImpossibleTask_Dewey_Camera1.MOV,0.0,1156.293,30.000,,alternating gaze,,,POINT,335.885,C:/Users/gogue/Desktop/Dog_Coding/DONE/Dewey/2022-09-05_ImpossibleTask_Dewey_Camera1.MOV,10076,NA,
2022-09-05_ImpossibleTask_Dewey_Camera1,2024-11-05 05:54:02.095,,1082.057,Media file(s),player #1:C:/Users/gogue/Desktop/Dog_Coding/DONE/Dewey/2022-09-05_ImpossibleTask_Dewey_Camera1.MOV,0.0,1156.293,30.000,,looking at owner,,,POINT,338.918,C:/Users/gogue/Desktop/Dog_Coding/DONE/Dewey/2022-09-05_ImpossibleTask_Dewey_Camera1.MOV,10167,NA,
2022-09-05_ImpossibleTask_Dewey_Camera1,2024-11-05 05:54:02.095,,1082.057,Media file(s),player #1:C:/Users/gogue/Desktop/Dog_Coding/DONE/Dewey/2022-09-05_ImpossibleTask_Dewey_Camera1.MOV,0.0,1156.293,30.000,,looking at owner,,,POINT,340.252,C:/Users/gogue/Desktop/Dog_Coding/DONE/Dewey/2022-09-05_ImpossibleTask_Dewey_Camera1.MOV,10207,NA,
2022-09-05_ImpossibleTask_Dewey_Camera1,2024-11-05 05:54:02.095,,1082.057,Media file(s),player #1:C:/Users/gogue/Desktop/Dog_Coding/DONE/Dewey/2022-09-05_ImpossibleTask_Dewey_Camera1.MOV,0.0,1156.293,30.000,,alternating gaze,,,POINT,377.053,C:/Users/gogue/Desktop/Dog_Coding/DONE/Dewey/2022-09-05_ImpossibleTask_Dewey_Camera1.MOV,11311,NA,
2022-09-05_ImpossibleTask_Dewey_Camera1,2024-11-05 05:54:02.095,,1082.057,Media file(s),player #1:C:/Users/gogue/Desktop/Dog_Coding/DONE/Dewey/2022-09-05_ImpossibleTask_Dewey_Camera1.MOV,0.0,1156.293,30.000,,alternating gaze,,,POINT,378.053,C:/Users/gogue/Desktop/Dog_Coding/DONE/Dewey/2022-09-05_ImpossibleTask_Dewey_Camera1.MOV,11341,NA,
2022-09-05_ImpossibleTask_Dewey_Camera1,2024-11-05 05:54:02.095,,1082.057,Media file(s),player #1:C:/Users/gogue/Desktop/Dog_Coding/DONE/Dewey/2022-09-05_ImpossibleTask_Dewey_Camera1.MOV,0.0,1156.293,30.000,,looking at owner,,,POINT,384.920,C:/Users/gogue/Desktop/Dog_Coding/DONE/Dewey/2022-09-05_ImpossibleTask_Dewey_Camera1.MOV,11547,NA,
2022-09-05_ImpossibleTask_Dewey_Camera1,2024-11-05 05:54:02.095,,1082.057,Media file(s),player #1:C:/Users/gogue/Desktop/Dog_Coding/DONE/Dewey/2022-09-05_ImpossibleTask_Dewey_Camera1.MOV,0.0,1156.293,30.000,,looking at owner,,,POINT,435.323,C:/Users/gogue/Desktop/Dog_Coding/DONE/Dewey/2022-09-05_ImpossibleTask_Dewey_Camera1.MOV,13059,NA,
2022-09-05_ImpossibleTask_Dewey_Camera1,2024-11-05 05:54:02.095,,1082.057,Media file(s),player #1:C:/Users/gogue/Desktop/Dog_Coding/DONE/Dewey/2022-09-05_ImpossibleTask_Dewey_Camera1.MOV,0.0,1156.293,30.000,,alternating gaze,,,POINT,441.357,C:/Users/gogue/Desktop/Dog_Coding/DONE/Dewey/2022-09-05_ImpossibleTask_Dewey_Camera1.MOV,13240,NA,
2022-09-05_ImpossibleTask_Dewey_Camera1,2024-11-05 05:54:02.095,,1082.057,Media file(s),player #1:C:/Users/gogue/Desktop/Dog_Coding/DONE/Dewey/2022-09-05_ImpossibleTask_Dewey_Camera1.MOV,0.0,1156.293,30.000,,looking at owner,,,POINT,460.558,C:/Users/gogue/Desktop/Dog_Coding/DONE/Dewey/2022-09-05_ImpossibleTask_Dewey_Camera1.MOV,13816,NA,
2022-09-05_ImpossibleTask_Dewey_Camera1,2024-11-05 05:54:02.095,,1082.057,Media file(s),player #1:C:/Users/gogue/Desktop/Dog_Coding/DONE/Dewey/2022-09-05_ImpossibleTask_Dewey_Camera1.MOV,0.0,1156.293,30.000,,looking at owner,,,POINT,460.792,C:/Users/gogue/Desktop/Dog_Coding/DONE/Dewey/2022-09-05_ImpossibleTask_Dewey_Camera1.MOV,13823,NA,
2022-09-05_ImpossibleTask_Dewey_Camera1,2024-11-05 05:54:02.095,,1082.057,Media file(s),player #1:C:/Users/gogue/Desktop/Dog_Coding/DONE/Dewey/2022-09-05_ImpossibleTask_Dewey_Camera1.MOV,0.0,1156.293,30.000,,End,,T2,POINT,462.192,C:/Users/gogue/Desktop/Dog_Coding/DONE/Dewey/2022-09-05_ImpossibleTask_Dewey_Camera1.MOV,13865,NA,
2022-09-05_ImpossibleTask_Dewey_Camera1,2024-11-05 05:54:02.095,,1082.057,Media file(s),player #1:C:/Users/gogue/Desktop/Dog_Coding/DONE/Dewey/2022-09-05_ImpossibleTask_Dewey_Camera1.MOV,0.0,1156.293,30.000,,Start,,T3,POINT,509.860,C:/Users/gogue/Desktop/Dog_Coding/DONE/Dewey/2022-09-05_ImpossibleTask_Dewey_Camera1.MOV,15295,NA,
2022-09-05_ImpossibleTask_Dewey_Camera1,2024-11-05 05:54:02.095,,1082.057,Media file(s),player #1:C:/Users/gogue/Desktop/Dog_Coding/DONE/Dewey/2022-09-05_ImpossibleTask_Dewey_Camera1.MOV,0.0,1156.293,30.000,,interacting with tupperware,,,START,510.860,C:/Users/gogue/Desktop/Dog_Coding/DONE/Dewey/2022-09-05_ImpossibleTask_Dewey_Camera1.MOV,15325,NA,
2022-09-05_ImpossibleTask_Dewey_Camera1,2024-11-05 05:54:02.095,,1082.057,Media file(s),player #1:C:/Users/gogue/Desktop/Dog_Coding/DONE/Dewey/2022-09-05_ImpossibleTask_Dewey_Camera1.MOV,0.0,1156.293,30.000,,interacting with tupperware,,,STOP,513.993,C:/Users/gogue/Desktop/Dog_Coding/DONE/Dewey/2022-09-05_ImpossibleTask_Dewey_Camera1.MOV,15419,NA,
2022-09-05_ImpossibleTask_Dewey_Camera1,2024-11-05 05:54:02.095,,1082.057,Media file(s),player #1:C:/Users/gogue/Desktop/Dog_Coding/DONE/Dewey/2022-09-05_ImpossibleTask_Dewey_Camera1.MOV,0.0,1156.293,30.000,,alternating gaze,,,POINT,515.493,C:/Users/gogue/Desktop/Dog_Coding/DONE/Dewey/2022-09-05_ImpossibleTask_Dewey_Camera1.MOV,15464,NA,
2022-09-05_ImpossibleTask_Dewey_Camera1,2024-11-05 05:54:02.095,,1082.057,Media file(s),player #1:C:/Users/gogue/Desktop/Dog_Coding/DONE/Dewey/2022-09-05_ImpossibleTask_Dewey_Camera1.MOV,0.0,1156.293,30.000,,alternating gaze,,,POINT,519.993,C:/Users/gogue/Desktop/Dog_Coding/DONE/Dewey/2022-09-05_ImpossibleTask_Dewey_Camera1.MOV,15599,NA,
2022-09-05_ImpossibleTask_Dewey_Camera1,2024-11-05 05:54:02.095,,1082.057,Media file(s),player #1:C:/Users/gogue/Desktop/Dog_Coding/DONE/Dewey/2022-09-05_ImpossibleTask_Dewey_Camera1.MOV,0.0,1156.293,30.000,,interacting with tupperware,,,START,523.528,C:/Users/gogue/Desktop/Dog_Coding/DONE/Dewey/2022-09-05_ImpossibleTask_Dewey_Camera1.MOV,15705,NA,
2022-09-05_ImpossibleTask_Dewey_Camera1,2024-11-05 05:54:02.095,,1082.057,Media file(s),player #1:C:/Users/gogue/Desktop/Dog_Coding/DONE/Dewey/2022-09-05_ImpossibleTask_Dewey_Camera1.MOV,0.0,1156.293,30.000,,interacting with tupperware,,,STOP,523.828,C:/Users/gogue/Desktop/Dog_Coding/DONE/Dewey/2022-09-05_ImpossibleTask_Dewey_Camera1.MOV,15714,NA,
2022-09-05_ImpossibleTask_Dewey_Camera1,2024-11-05 05:54:02.095,,1082.057,Media file(s),player #1:C:/Users/gogue/Desktop/Dog_Coding/DONE/Dewey/2022-09-05_ImpossibleTask_Dewey_Camera1.MOV,0.0,1156.293,30.000,,bark/whine vocalization,,,POINT,524.195,C:/Users/gogue/Desktop/Dog_Coding/DONE/Dewey/2022-09-05_ImpossibleTask_Dewey_Camera1.MOV,15725,NA,
2022-09-05_ImpossibleTask_Dewey_Camera1,2024-11-05 05:54:02.095,,1082.057,Media file(s),player #1:C:/Users/gogue/Desktop/Dog_Coding/DONE/Dewey/2022-09-05_ImpossibleTask_Dewey_Camera1.MOV,0.0,1156.293,30.000,,interacting with tupperware,,,START,524.995,C:/Users/gogue/Desktop/Dog_Coding/DONE/Dewey/2022-09-05_ImpossibleTask_Dewey_Camera1.MOV,15749,NA,
2022-09-05_ImpossibleTask_Dewey_Camera1,2024-11-05 05:54:02.095,,1082.057,Media file(s),player #1:C:/Users/gogue/Desktop/Dog_Coding/DONE/Dewey/2022-09-05_ImpossibleTask_Dewey_Camera1.MOV,0.0,1156.293,30.000,,interacting with tupperware,,,STOP,525.728,C:/Users/gogue/Desktop/Dog_Coding/DONE/Dewey/2022-09-05_ImpossibleTask_Dewey_Camera1.MOV,15771,NA,
2022-09-05_ImpossibleTask_Dewey_Camera1,2024-11-05 05:54:02.095,,1082.057,Media file(s),player #1:C:/Users/gogue/Desktop/Dog_Coding/DONE/Dewey/2022-09-05_ImpossibleTask_Dewey_Camera1.MOV,0.0,1156.293,30.000,,interacting with tupperware,,,START,527.095,C:/Users/gogue/Desktop/Dog_Coding/DONE/Dewey/2022-09-05_ImpossibleTask_Dewey_Camera1.MOV,15812,NA,
2022-09-05_ImpossibleTask_Dewey_Camera1,2024-11-05 05:54:02.095,,1082.057,Media file(s),player #1:C:/Users/gogue/Desktop/Dog_Coding/DONE/Dewey/2022-09-05_ImpossibleTask_Dewey_Camera1.MOV,0.0,1156.293,30.000,,interacting with tupperware,,,STOP,527.595,C:/Users/gogue/Desktop/Dog_Coding/DONE/Dewey/2022-09-05_ImpossibleTask_Dewey_Camera1.MOV,15827,NA,
2022-09-05_ImpossibleTask_Dewey_Camera1,2024-11-05 05:54:02.095,,1082.057,Media file(s),player #1:C:/Users/gogue/Desktop/Dog_Coding/DONE/Dewey/2022-09-05_ImpossibleTask_Dewey_Camera1.MOV,0.0,1156.293,30.000,,alternating gaze,,,POINT,527.862,C:/Users/gogue/Desktop/Dog_Coding/DONE/Dewey/2022-09-05_ImpossibleTask_Dewey_Camera1.MOV,15835,NA,
2022-09-05_ImpossibleTask_Dewey_Camera1,2024-11-05 05:54:02.095,,1082.057,Media file(s),player #1:C:/Users/gogue/Desktop/Dog_Coding/DONE/Dewey/2022-09-05_ImpossibleTask_Dewey_Camera1.MOV,0.0,1156.293,30.000,,interacting with tupperware,,,START,530.195,C:/Users/gogue/Desktop/Dog_Coding/DONE/Dewey/2022-09-05_ImpossibleTask_Dewey_Camera1.MOV,15905,NA,
2022-09-05_ImpossibleTask_Dewey_Camera1,2024-11-05 05:54:02.095,,1082.057,Media file(s),player #1:C:/Users/gogue/Desktop/Dog_Coding/DONE/Dewey/2022-09-05_ImpossibleTask_Dewey_Camera1.MOV,0.0,1156.293,30.000,,interacting with tupperware,,,STOP,530.495,C:/Users/gogue/Desktop/Dog_Coding/DONE/Dewey/2022-09-05_ImpossibleTask_Dewey_Camera1.MOV,15914,NA,
2022-09-05_ImpossibleTask_Dewey_Camera1,2024-11-05 05:54:02.095,,1082.057,Media file(s),player #1:C:/Users/gogue/Desktop/Dog_Coding/DONE/Dewey/2022-09-05_ImpossibleTask_Dewey_Camera1.MOV,0.0,1156.293,30.000,,interacting with tupperware,,,START,530.762,C:/Users/gogue/Desktop/Dog_Coding/DONE/Dewey/2022-09-05_ImpossibleTask_Dewey_Camera1.MOV,15922,NA,
2022-09-05_ImpossibleTask_Dewey_Camera1,2024-11-05 05:54:02.095,,1082.057,Media file(s),player #1:C:/Users/gogue/Desktop/Dog_Coding/DONE/Dewey/2022-09-05_ImpossibleTask_Dewey_Camera1.MOV,0.0,1156.293,30.000,,interacting with tupperware,,,STOP,531.728,C:/Users/gogue/Desktop/Dog_Coding/DONE/Dewey/2022-09-05_ImpossibleTask_Dewey_Camera1.MOV,15951,NA,
2022-09-05_ImpossibleTask_Dewey_Camera1,2024-11-05 05:54:02.095,,1082.057,Media file(s),player #1:C:/Users/gogue/Desktop/Dog_Coding/DONE/Dewey/2022-09-05_ImpossibleTask_Dewey_Camera1.MOV,0.0,1156.293,30.000,,interacting with tupperware,,,START,531.962,C:/Users/gogue/Desktop/Dog_Coding/DONE/Dewey/2022-09-05_ImpossibleTask_Dewey_Camera1.MOV,15958,NA,
2022-09-05_ImpossibleTask_Dewey_Camera1,2024-11-05 05:54:02.095,,1082.057,Media file(s),player #1:C:/Users/gogue/Desktop/Dog_Coding/DONE/Dewey/2022-09-05_ImpossibleTask_Dewey_Camera1.MOV,0.0,1156.293,30.000,,interacting with tupperware,,,STOP,532.295,C:/Users/gogue/Desktop/Dog_Coding/DONE/Dewey/2022-09-05_ImpossibleTask_Dewey_Camera1.MOV,15968,NA,
2022-09-05_ImpossibleTask_Dewey_Camera1,2024-11-05 05:54:02.095,,1082.057,Media file(s),player #1:C:/Users/gogue/Desktop/Dog_Coding/DONE/Dewey/2022-09-05_ImpossibleTask_Dewey_Camera1.MOV,0.0,1156.293,30.000,,alternating gaze,,,POINT,532.528,C:/Users/gogue/Desktop/Dog_Coding/DONE/Dewey/2022-09-05_ImpossibleTask_Dewey_Camera1.MOV,15975,NA,
2022-09-05_ImpossibleTask_Dewey_Camera1,2024-11-05 05:54:02.095,,1082.057,Media file(s),player #1:C:/Users/gogue/Desktop/Dog_Coding/DONE/Dewey/2022-09-05_ImpossibleTask_Dewey_Camera1.MOV,0.0,1156.293,30.000,,looking at owner,,,POINT,536.762,C:/Users/gogue/Desktop/Dog_Coding/DONE/Dewey/2022-09-05_ImpossibleTask_Dewey_Camera1.MOV,16102,NA,
2022-09-05_ImpossibleTask_Dewey_Camera1,2024-11-05 05:54:02.095,,1082.057,Media file(s),player #1:C:/Users/gogue/Desktop/Dog_Coding/DONE/Dewey/2022-09-05_ImpossibleTask_Dewey_Camera1.MOV,0.0,1156.293,30.000,,alternating gaze,,,POINT,541.995,C:/Users/gogue/Desktop/Dog_Coding/DONE/Dewey/2022-09-05_ImpossibleTask_Dewey_Camera1.MOV,16259,NA,
2022-09-05_ImpossibleTask_Dewey_Camera1,2024-11-05 05:54:02.095,,1082.057,Media file(s),player #1:C:/Users/gogue/Desktop/Dog_Coding/DONE/Dewey/2022-09-05_ImpossibleTask_Dewey_Camera1.MOV,0.0,1156.293,30.000,,looking at owner,,,POINT,544.062,C:/Users/gogue/Desktop/Dog_Coding/DONE/Dewey/2022-09-05_ImpossibleTask_Dewey_Camera1.MOV,16321,NA,
2022-09-05_ImpossibleTask_Dewey_Camera1,2024-11-05 05:54:02.095,,1082.057,Media file(s),player #1:C:/Users/gogue/Desktop/Dog_Coding/DONE/Dewey/2022-09-05_ImpossibleTask_Dewey_Camera1.MOV,0.0,1156.293,30.000,,nudging/scratching/paw owner,,,POINT,551.528,C:/Users/gogue/Desktop/Dog_Coding/DONE/Dewey/2022-09-05_ImpossibleTask_Dewey_Camera1.MOV,16545,NA,
2022-09-05_ImpossibleTask_Dewey_Camera1,2024-11-05 05:54:02.095,,1082.057,Media file(s),player #1:C:/Users/gogue/Desktop/Dog_Coding/DONE/Dewey/2022-09-05_ImpossibleTask_Dewey_Camera1.MOV,0.0,1156.293,30.000,,looking at owner,,,POINT,567.297,C:/Users/gogue/Desktop/Dog_Coding/DONE/Dewey/2022-09-05_ImpossibleTask_Dewey_Camera1.MOV,17018,NA,
2022-09-05_ImpossibleTask_Dewey_Camera1,2024-11-05 05:54:02.095,,1082.057,Media file(s),player #1:C:/Users/gogue/Desktop/Dog_Coding/DONE/Dewey/2022-09-05_ImpossibleTask_Dewey_Camera1.MOV,0.0,1156.293,30.000,,looking at owner,,,POINT,570.663,C:/Users/gogue/Desktop/Dog_Coding/DONE/Dewey/2022-09-05_ImpossibleTask_Dewey_Camera1.MOV,17119,NA,
2022-09-05_ImpossibleTask_Dewey_Camera1,2024-11-05 05:54:02.095,,1082.057,Media file(s),player #1:C:/Users/gogue/Desktop/Dog_Coding/DONE/Dewey/2022-09-05_ImpossibleTask_Dewey_Camera1.MOV,0.0,1156.293,30.000,,looking at owner,,,POINT,582.130,C:/Users/gogue/Desktop/Dog_Coding/DONE/Dewey/2022-09-05_ImpossibleTask_Dewey_Camera1.MOV,17462,NA,
2022-09-05_ImpossibleTask_Dewey_Camera1,2024-11-05 05:54:02.095,,1082.057,Media file(s),player #1:C:/Users/gogue/Desktop/Dog_Coding/DONE/Dewey/2022-09-05_ImpossibleTask_Dewey_Camera1.MOV,0.0,1156.293,30.000,,looking at owner,,,POINT,591.065,C:/Users/gogue/Desktop/Dog_Coding/DONE/Dewey/2022-09-05_ImpossibleTask_Dewey_Camera1.MOV,17731,NA,
2022-09-05_ImpossibleTask_Dewey_Camera1,2024-11-05 05:54:02.095,,1082.057,Media file(s),player #1:C:/Users/gogue/Desktop/Dog_Coding/DONE/Dewey/2022-09-05_ImpossibleTask_Dewey_Camera1.MOV,0.0,1156.293,30.000,,alternating gaze,,,POINT,668.468,C:/Users/gogue/Desktop/Dog_Coding/DONE/Dewey/2022-09-05_ImpossibleTask_Dewey_Camera1.MOV,20052,NA,
2022-09-05_ImpossibleTask_Dewey_Camera1,2024-11-05 05:54:02.095,,1082.057,Media file(s),player #1:C:/Users/gogue/Desktop/Dog_Coding/DONE/Dewey/2022-09-05_ImpossibleTask_Dewey_Camera1.MOV,0.0,1156.293,30.000,,looking at owner,,,POINT,672.568,C:/Users/gogue/Desktop/Dog_Coding/DONE/Dewey/2022-09-05_ImpossibleTask_Dewey_Camera1.MOV,20175,NA,
2022-09-05_ImpossibleTask_Dewey_Camera1,2024-11-05 05:54:02.095,,1082.057,Media file(s),player #1:C:/Users/gogue/Desktop/Dog_Coding/DONE/Dewey/2022-09-05_ImpossibleTask_Dewey_Camera1.MOV,0.0,1156.293,30.000,,looking at owner,,,POINT,685.570,C:/Users/gogue/Desktop/Dog_Coding/DONE/Dewey/2022-09-05_ImpossibleTask_Dewey_Camera1.MOV,20565,NA,
2022-09-05_ImpossibleTask_Dewey_Camera1,2024-11-05 05:54:02.095,,1082.057,Media file(s),player #1:C:/Users/gogue/Desktop/Dog_Coding/DONE/Dewey/2022-09-05_ImpossibleTask_Dewey_Camera1.MOV,0.0,1156.293,30.000,,looking at owner,,,POINT,689.837,C:/Users/gogue/Desktop/Dog_Coding/DONE/Dewey/2022-09-05_ImpossibleTask_Dewey_Camera1.MOV,20693,NA,
2022-09-05_ImpossibleTask_Dewey_Camera1,2024-11-05 05:54:02.095,,1082.057,Media file(s),player #1:C:/Users/gogue/Desktop/Dog_Coding/DONE/Dewey/2022-09-05_ImpossibleTask_Dewey_Camera1.MOV,0.0,1156.293,30.000,,End,,T3,POINT,689.870,C:/Users/gogue/Desktop/Dog_Coding/DONE/Dewey/2022-09-05_ImpossibleTask_Dewey_Camera1.MOV,20694,NA,
2022-09-05_ImpossibleTask_Dewey_Camera1,2024-11-05 05:54:02.095,,1082.057,Media file(s),player #1:C:/Users/gogue/Desktop/Dog_Coding/DONE/Dewey/2022-09-05_ImpossibleTask_Dewey_Camera1.MOV,0.0,1156.293,30.000,,Start,,T4,POINT,726.772,C:/Users/gogue/Desktop/Dog_Coding/DONE/Dewey/2022-09-05_ImpossibleTask_Dewey_Camera1.MOV,21801,NA,
2022-09-05_ImpossibleTask_Dewey_Camera1,2024-11-05 05:54:02.095,,1082.057,Media file(s),player #1:C:/Users/gogue/Desktop/Dog_Coding/DONE/Dewey/2022-09-05_ImpossibleTask_Dewey_Camera1.MOV,0.0,1156.293,30.000,,interacting with tupperware,,,START,728.805,C:/Users/gogue/Desktop/Dog_Coding/DONE/Dewey/2022-09-05_ImpossibleTask_Dewey_Camera1.MOV,21862,NA,
2022-09-05_ImpossibleTask_Dewey_Camera1,2024-11-05 05:54:02.095,,1082.057,Media file(s),player #1:C:/Users/gogue/Desktop/Dog_Coding/DONE/Dewey/2022-09-05_ImpossibleTask_Dewey_Camera1.MOV,0.0,1156.293,30.000,,interacting with tupperware,,,STOP,732.205,C:/Users/gogue/Desktop/Dog_Coding/DONE/Dewey/2022-09-05_ImpossibleTask_Dewey_Camera1.MOV,21964,NA,
2022-09-05_ImpossibleTask_Dewey_Camera1,2024-11-05 05:54:02.095,,1082.057,Media file(s),player #1:C:/Users/gogue/Desktop/Dog_Coding/DONE/Dewey/2022-09-05_ImpossibleTask_Dewey_Camera1.MOV,0.0,1156.293,30.000,,alternating gaze,,,POINT,734.338,C:/Users/gogue/Desktop/Dog_Coding/DONE/Dewey/2022-09-05_ImpossibleTask_Dewey_Camera1.MOV,22028,NA,
2022-09-05_ImpossibleTask_Dewey_Camera1,2024-11-05 05:54:02.095,,1082.057,Media file(s),player #1:C:/Users/gogue/Desktop/Dog_Coding/DONE/Dewey/2022-09-05_ImpossibleTask_Dewey_Camera1.MOV,0.0,1156.293,30.000,,positioning in front of owner,,,POINT,736.605,C:/Users/gogue/Desktop/Dog_Coding/DONE/Dewey/2022-09-05_ImpossibleTask_Dewey_Camera1.MOV,22096,NA,
2022-09-05_ImpossibleTask_Dewey_Camera1,2024-11-05 05:54:02.095,,1082.057,Media file(s),player #1:C:/Users/gogue/Desktop/Dog_Coding/DONE/Dewey/2022-09-05_ImpossibleTask_Dewey_Camera1.MOV,0.0,1156.293,30.000,,alternating gaze,,,POINT,745.807,C:/Users/gogue/Desktop/Dog_Coding/DONE/Dewey/2022-09-05_ImpossibleTask_Dewey_Camera1.MOV,22372,NA,
2022-09-05_ImpossibleTask_Dewey_Camera1,2024-11-05 05:54:02.095,,1082.057,Media file(s),player #1:C:/Users/gogue/Desktop/Dog_Coding/DONE/Dewey/2022-09-05_ImpossibleTask_Dewey_Camera1.MOV,0.0,1156.293,30.000,,alternating gaze,,,POINT,746.640,C:/Users/gogue/Desktop/Dog_Coding/DONE/Dewey/2022-09-05_ImpossibleTask_Dewey_Camera1.MOV,22397,NA,
2022-09-05_ImpossibleTask_Dewey_Camera1,2024-11-05 05:54:02.095,,1082.057,Media file(s),player #1:C:/Users/gogue/Desktop/Dog_Coding/DONE/Dewey/2022-09-05_ImpossibleTask_Dewey_Camera1.MOV,0.0,1156.293,30.000,,looking at owner,,,POINT,748.273,C:/Users/gogue/Desktop/Dog_Coding/DONE/Dewey/2022-09-05_ImpossibleTask_Dewey_Camera1.MOV,22446,NA,
2022-09-05_ImpossibleTask_Dewey_Camera1,2024-11-05 05:54:02.095,,1082.057,Media file(s),player #1:C:/Users/gogue/Desktop/Dog_Coding/DONE/Dewey/2022-09-05_ImpossibleTask_Dewey_Camera1.MOV,0.0,1156.293,30.000,,looking at owner,,,POINT,753.540,C:/Users/gogue/Desktop/Dog_Coding/DONE/Dewey/2022-09-05_ImpossibleTask_Dewey_Camera1.MOV,22604,NA,
2022-09-05_ImpossibleTask_Dewey_Camera1,2024-11-05 05:54:02.095,,1082.057,Media file(s),player #1:C:/Users/gogue/Desktop/Dog_Coding/DONE/Dewey/2022-09-05_ImpossibleTask_Dewey_Camera1.MOV,0.0,1156.293,30.000,,looking at owner,,,POINT,774.240,C:/Users/gogue/Desktop/Dog_Coding/DONE/Dewey/2022-09-05_ImpossibleTask_Dewey_Camera1.MOV,23225,NA,
2022-09-05_ImpossibleTask_Dewey_Camera1,2024-11-05 05:54:02.095,,1082.057,Media file(s),player #1:C:/Users/gogue/Desktop/Dog_Coding/DONE/Dewey/2022-09-05_ImpossibleTask_Dewey_Camera1.MOV,0.0,1156.293,30.000,,alternating gaze,,,POINT,776.375,C:/Users/gogue/Desktop/Dog_Coding/DONE/Dewey/2022-09-05_ImpossibleTask_Dewey_Camera1.MOV,23289,NA,
2022-09-05_ImpossibleTask_Dewey_Camera1,2024-11-05 05:54:02.095,,1082.057,Media file(s),player #1:C:/Users/gogue/Desktop/Dog_Coding/DONE/Dewey/2022-09-05_ImpossibleTask_Dewey_Camera1.MOV,0.0,1156.293,30.000,,looking at owner,,,POINT,793.308,C:/Users/gogue/Desktop/Dog_Coding/DONE/Dewey/2022-09-05_ImpossibleTask_Dewey_Camera1.MOV,23797,NA,
2022-09-05_ImpossibleTask_Dewey_Camera1,2024-11-05 05:54:02.095,,1082.057,Media file(s),player #1:C:/Users/gogue/Desktop/Dog_Coding/DONE/Dewey/2022-09-05_ImpossibleTask_Dewey_Camera1.MOV,0.0,1156.293,30.000,,looking at owner,,,POINT,798.742,C:/Users/gogue/Desktop/Dog_Coding/DONE/Dewey/2022-09-05_ImpossibleTask_Dewey_Camera1.MOV,23960,NA,
2022-09-05_ImpossibleTask_Dewey_Camera1,2024-11-05 05:54:02.095,,1082.057,Media file(s),player #1:C:/Users/gogue/Desktop/Dog_Coding/DONE/Dewey/2022-09-05_ImpossibleTask_Dewey_Camera1.MOV,0.0,1156.293,30.000,,looking at owner,,,POINT,825.277,C:/Users/gogue/Desktop/Dog_Coding/DONE/Dewey/2022-09-05_ImpossibleTask_Dewey_Camera1.MOV,24756,NA,
2022-09-05_ImpossibleTask_Dewey_Camera1,2024-11-05 05:54:02.095,,1082.057,Media file(s),player #1:C:/Users/gogue/Desktop/Dog_Coding/DONE/Dewey/2022-09-05_ImpossibleTask_Dewey_Camera1.MOV,0.0,1156.293,30.000,,looking at owner,,,POINT,839.712,C:/Users/gogue/Desktop/Dog_Coding/DONE/Dewey/2022-09-05_ImpossibleTask_Dewey_Camera1.MOV,25189,NA,
2022-09-05_ImpossibleTask_Dewey_Camera1,2024-11-05 05:54:02.095,,1082.057,Media file(s),player #1:C:/Users/gogue/Desktop/Dog_Coding/DONE/Dewey/2022-09-05_ImpossibleTask_Dewey_Camera1.MOV,0.0,1156.293,30.000,,looking at owner,,,POINT,840.412,C:/Users/gogue/Desktop/Dog_Coding/DONE/Dewey/2022-09-05_ImpossibleTask_Dewey_Camera1.MOV,25210,NA,
2022-09-05_ImpossibleTask_Dewey_Camera1,2024-11-05 05:54:02.095,,1082.057,Media file(s),player #1:C:/Users/gogue/Desktop/Dog_Coding/DONE/Dewey/2022-09-05_ImpossibleTask_Dewey_Camera1.MOV,0.0,1156.293,30.000,,looking at owner,,,POINT,843.412,C:/Users/gogue/Desktop/Dog_Coding/DONE/Dewey/2022-09-05_ImpossibleTask_Dewey_Camera1.MOV,25300,NA,
2022-09-05_ImpossibleTask_Dewey_Camera1,2024-11-05 05:54:02.095,,1082.057,Media file(s),player #1:C:/Users/gogue/Desktop/Dog_Coding/DONE/Dewey/2022-09-05_ImpossibleTask_Dewey_Camera1.MOV,0.0,1156.293,30.000,,End,,T4,POINT,906.748,C:/Users/gogue/Desktop/Dog_Coding/DONE/Dewey/2022-09-05_ImpossibleTask_Dewey_Camera1.MOV,27200,NA,
2022-09-05_ImpossibleTask_Dewey_Camera1,2024-11-05 05:54:02.095,,1082.057,Media file(s),player #1:C:/Users/gogue/Desktop/Dog_Coding/DONE/Dewey/2022-09-05_ImpossibleTask_Dewey_Camera1.MOV,0.0,1156.293,30.000,,Start,,T5,POINT,951.750,C:/Users/gogue/Desktop/Dog_Coding/DONE/Dewey/2022-09-05_ImpossibleTask_Dewey_Camera1.MOV,28550,NA,
2022-09-05_ImpossibleTask_Dewey_Camera1,2024-11-05 05:54:02.095,,1082.057,Media file(s),player #1:C:/Users/gogue/Desktop/Dog_Coding/DONE/Dewey/2022-09-05_ImpossibleTask_Dewey_Camera1.MOV,0.0,1156.293,30.000,,interacting with tupperware,,,START,953.783,C:/Users/gogue/Desktop/Dog_Coding/DONE/Dewey/2022-09-05_ImpossibleTask_Dewey_Camera1.MOV,28611,NA,
2022-09-05_ImpossibleTask_Dewey_Camera1,2024-11-05 05:54:02.095,,1082.057,Media file(s),player #1:C:/Users/gogue/Desktop/Dog_Coding/DONE/Dewey/2022-09-05_ImpossibleTask_Dewey_Camera1.MOV,0.0,1156.293,30.000,,interacting with tupperware,,,STOP,953.917,C:/Users/gogue/Desktop/Dog_Coding/DONE/Dewey/2022-09-05_ImpossibleTask_Dewey_Camera1.MOV,28615,NA,
2022-09-05_ImpossibleTask_Dewey_Camera1,2024-11-05 05:54:02.095,,1082.057,Media file(s),player #1:C:/Users/gogue/Desktop/Dog_Coding/DONE/Dewey/2022-09-05_ImpossibleTask_Dewey_Camera1.MOV,0.0,1156.293,30.000,,interacting with tupperware,,,START,954.117,C:/Users/gogue/Desktop/Dog_Coding/DONE/Dewey/2022-09-05_ImpossibleTask_Dewey_Camera1.MOV,28621,NA,
2022-09-05_ImpossibleTask_Dewey_Camera1,2024-11-05 05:54:02.095,,1082.057,Media file(s),player #1:C:/Users/gogue/Desktop/Dog_Coding/DONE/Dewey/2022-09-05_ImpossibleTask_Dewey_Camera1.MOV,0.0,1156.293,30.000,,interacting with tupperware,,,STOP,954.683,C:/Users/gogue/Desktop/Dog_Coding/DONE/Dewey/2022-09-05_ImpossibleTask_Dewey_Camera1.MOV,28638,NA,
2022-09-05_ImpossibleTask_Dewey_Camera1,2024-11-05 05:54:02.095,,1082.057,Media file(s),player #1:C:/Users/gogue/Desktop/Dog_Coding/DONE/Dewey/2022-09-05_ImpossibleTask_Dewey_Camera1.MOV,0.0,1156.293,30.000,,interacting with tupperware,,,START,955.350,C:/Users/gogue/Desktop/Dog_Coding/DONE/Dewey/2022-09-05_ImpossibleTask_Dewey_Camera1.MOV,28658,NA,
2022-09-05_ImpossibleTask_Dewey_Camera1,2024-11-05 05:54:02.095,,1082.057,Media file(s),player #1:C:/Users/gogue/Desktop/Dog_Coding/DONE/Dewey/2022-09-05_ImpossibleTask_Dewey_Camera1.MOV,0.0,1156.293,30.000,,interacting with tupperware,,,STOP,956.983,C:/Users/gogue/Desktop/Dog_Coding/DONE/Dewey/2022-09-05_ImpossibleTask_Dewey_Camera1.MOV,28707,NA,
2022-09-05_ImpossibleTask_Dewey_Camera1,2024-11-05 05:54:02.095,,1082.057,Media file(s),player #1:C:/Users/gogue/Desktop/Dog_Coding/DONE/Dewey/2022-09-05_ImpossibleTask_Dewey_Camera1.MOV,0.0,1156.293,30.000,,interacting with tupperware,,,START,957.817,C:/Users/gogue/Desktop/Dog_Coding/DONE/Dewey/2022-09-05_ImpossibleTask_Dewey_Camera1.MOV,28732,NA,
2022-09-05_ImpossibleTask_Dewey_Camera1,2024-11-05 05:54:02.095,,1082.057,Media file(s),player #1:C:/Users/gogue/Desktop/Dog_Coding/DONE/Dewey/2022-09-05_ImpossibleTask_Dewey_Camera1.MOV,0.0,1156.293,30.000,,interacting with tupperware,,,STOP,958.283,C:/Users/gogue/Desktop/Dog_Coding/DONE/Dewey/2022-09-05_ImpossibleTask_Dewey_Camera1.MOV,28746,NA,
2022-09-05_ImpossibleTask_Dewey_Camera1,2024-11-05 05:54:02.095,,1082.057,Media file(s),player #1:C:/Users/gogue/Desktop/Dog_Coding/DONE/Dewey/2022-09-05_ImpossibleTask_Dewey_Camera1.MOV,0.0,1156.293,30.000,,interacting with tupperware,,,START,959.383,C:/Users/gogue/Desktop/Dog_Coding/DONE/Dewey/2022-09-05_ImpossibleTask_Dewey_Camera1.MOV,28779,NA,
2022-09-05_ImpossibleTask_Dewey_Camera1,2024-11-05 05:54:02.095,,1082.057,Media file(s),player #1:C:/Users/gogue/Desktop/Dog_Coding/DONE/Dewey/2022-09-05_ImpossibleTask_Dewey_Camera1.MOV,0.0,1156.293,30.000,,interacting with tupperware,,,STOP,960.750,C:/Users/gogue/Desktop/Dog_Coding/DONE/Dewey/2022-09-05_ImpossibleTask_Dewey_Camera1.MOV,28820,NA,
2022-09-05_ImpossibleTask_Dewey_Camera1,2024-11-05 05:54:02.095,,1082.057,Media file(s),player #1:C:/Users/gogue/Desktop/Dog_Coding/DONE/Dewey/2022-09-05_ImpossibleTask_Dewey_Camera1.MOV,0.0,1156.293,30.000,,interacting with tupperware,,,START,961.483,C:/Users/gogue/Desktop/Dog_Coding/DONE/Dewey/2022-09-05_ImpossibleTask_Dewey_Camera1.MOV,28842,NA,
2022-09-05_ImpossibleTask_Dewey_Camera1,2024-11-05 05:54:02.095,,1082.057,Media file(s),player #1:C:/Users/gogue/Desktop/Dog_Coding/DONE/Dewey/2022-09-05_ImpossibleTask_Dewey_Camera1.MOV,0.0,1156.293,30.000,,interacting with tupperware,,,STOP,962.250,C:/Users/gogue/Desktop/Dog_Coding/DONE/Dewey/2022-09-05_ImpossibleTask_Dewey_Camera1.MOV,28865,NA,
2022-09-05_ImpossibleTask_Dewey_Camera1,2024-11-05 05:54:02.095,,1082.057,Media file(s),player #1:C:/Users/gogue/Desktop/Dog_Coding/DONE/Dewey/2022-09-05_ImpossibleTask_Dewey_Camera1.MOV,0.0,1156.293,30.000,,alternating gaze,,,POINT,963.917,C:/Users/gogue/Desktop/Dog_Coding/DONE/Dewey/2022-09-05_ImpossibleTask_Dewey_Camera1.MOV,28915,NA,
2022-09-05_ImpossibleTask_Dewey_Camera1,2024-11-05 05:54:02.095,,1082.057,Media file(s),player #1:C:/Users/gogue/Desktop/Dog_Coding/DONE/Dewey/2022-09-05_ImpossibleTask_Dewey_Camera1.MOV,0.0,1156.293,30.000,,positioning in front of owner,,,POINT,966.418,C:/Users/gogue/Desktop/Dog_Coding/DONE/Dewey/2022-09-05_ImpossibleTask_Dewey_Camera1.MOV,28990,NA,
2022-09-05_ImpossibleTask_Dewey_Camera1,2024-11-05 05:54:02.095,,1082.057,Media file(s),player #1:C:/Users/gogue/Desktop/Dog_Coding/DONE/Dewey/2022-09-05_ImpossibleTask_Dewey_Camera1.MOV,0.0,1156.293,30.000,,nudging/scratching/paw owner,,,POINT,974.218,C:/Users/gogue/Desktop/Dog_Coding/DONE/Dewey/2022-09-05_ImpossibleTask_Dewey_Camera1.MOV,29224,NA,
2022-09-05_ImpossibleTask_Dewey_Camera1,2024-11-05 05:54:02.095,,1082.057,Media file(s),player #1:C:/Users/gogue/Desktop/Dog_Coding/DONE/Dewey/2022-09-05_ImpossibleTask_Dewey_Camera1.MOV,0.0,1156.293,30.000,,nudging/scratching/paw owner,,,POINT,974.952,C:/Users/gogue/Desktop/Dog_Coding/DONE/Dewey/2022-09-05_ImpossibleTask_Dewey_Camera1.MOV,29246,NA,
2022-09-05_ImpossibleTask_Dewey_Camera1,2024-11-05 05:54:02.095,,1082.057,Media file(s),player #1:C:/Users/gogue/Desktop/Dog_Coding/DONE/Dewey/2022-09-05_ImpossibleTask_Dewey_Camera1.MOV,0.0,1156.293,30.000,,nudging/scratching/paw owner,,,POINT,977.318,C:/Users/gogue/Desktop/Dog_Coding/DONE/Dewey/2022-09-05_ImpossibleTask_Dewey_Camera1.MOV,29317,NA,
2022-09-05_ImpossibleTask_Dewey_Camera1,2024-11-05 05:54:02.095,,1082.057,Media file(s),player #1:C:/Users/gogue/Desktop/Dog_Coding/DONE/Dewey/2022-09-05_ImpossibleTask_Dewey_Camera1.MOV,0.0,1156.293,30.000,,bark/whine vocalization,,,POINT,980.585,C:/Users/gogue/Desktop/Dog_Coding/DONE/Dewey/2022-09-05_ImpossibleTask_Dewey_Camera1.MOV,29415,NA,
2022-09-05_ImpossibleTask_Dewey_Camera1,2024-11-05 05:54:02.095,,1082.057,Media file(s),player #1:C:/Users/gogue/Desktop/Dog_Coding/DONE/Dewey/2022-09-05_ImpossibleTask_Dewey_Camera1.MOV,0.0,1156.293,30.000,,looking at owner,,,POINT,984.585,C:/Users/gogue/Desktop/Dog_Coding/DONE/Dewey/2022-09-05_ImpossibleTask_Dewey_Camera1.MOV,29535,NA,
2022-09-05_ImpossibleTask_Dewey_Camera1,2024-11-05 05:54:02.095,,1082.057,Media file(s),player #1:C:/Users/gogue/Desktop/Dog_Coding/DONE/Dewey/2022-09-05_ImpossibleTask_Dewey_Camera1.MOV,0.0,1156.293,30.000,,alternating gaze,,,POINT,984.918,C:/Users/gogue/Desktop/Dog_Coding/DONE/Dewey/2022-09-05_ImpossibleTask_Dewey_Camera1.MOV,29545,NA,
2022-09-05_ImpossibleTask_Dewey_Camera1,2024-11-05 05:54:02.095,,1082.057,Media file(s),player #1:C:/Users/gogue/Desktop/Dog_Coding/DONE/Dewey/2022-09-05_ImpossibleTask_Dewey_Camera1.MOV,0.0,1156.293,30.000,,alternating gaze,,,POINT,986.285,C:/Users/gogue/Desktop/Dog_Coding/DONE/Dewey/2022-09-05_ImpossibleTask_Dewey_Camera1.MOV,29586,NA,
2022-09-05_ImpossibleTask_Dewey_Camera1,2024-11-05 05:54:02.095,,1082.057,Media file(s),player #1:C:/Users/gogue/Desktop/Dog_Coding/DONE/Dewey/2022-09-05_ImpossibleTask_Dewey_Camera1.MOV,0.0,1156.293,30.000,,bark/whine vocalization,,,POINT,987.718,C:/Users/gogue/Desktop/Dog_Coding/DONE/Dewey/2022-09-05_ImpossibleTask_Dewey_Camera1.MOV,29629,NA,
2022-09-05_ImpossibleTask_Dewey_Camera1,2024-11-05 05:54:02.095,,1082.057,Media file(s),player #1:C:/Users/gogue/Desktop/Dog_Coding/DONE/Dewey/2022-09-05_ImpossibleTask_Dewey_Camera1.MOV,0.0,1156.293,30.000,,looking at owner,,,POINT,1025.353,C:/Users/gogue/Desktop/Dog_Coding/DONE/Dewey/2022-09-05_ImpossibleTask_Dewey_Camera1.MOV,30758,NA,
2022-09-05_ImpossibleTask_Dewey_Camera1,2024-11-05 05:54:02.095,,1082.057,Media file(s),player #1:C:/Users/gogue/Desktop/Dog_Coding/DONE/Dewey/2022-09-05_ImpossibleTask_Dewey_Camera1.MOV,0.0,1156.293,30.000,,looking at owner,,,POINT,1027.520,C:/Users/gogue/Desktop/Dog_Coding/DONE/Dewey/2022-09-05_ImpossibleTask_Dewey_Camera1.MOV,30823,NA,
2022-09-05_ImpossibleTask_Dewey_Camera1,2024-11-05 05:54:02.095,,1082.057,Media file(s),player #1:C:/Users/gogue/Desktop/Dog_Coding/DONE/Dewey/2022-09-05_ImpossibleTask_Dewey_Camera1.MOV,0.0,1156.293,30.000,,looking at owner,,,POINT,1030.288,C:/Users/gogue/Desktop/Dog_Coding/DONE/Dewey/2022-09-05_ImpossibleTask_Dewey_Camera1.MOV,30906,NA,
2022-09-05_ImpossibleTask_Dewey_Camera1,2024-11-05 05:54:02.095,,1082.057,Media file(s),player #1:C:/Users/gogue/Desktop/Dog_Coding/DONE/Dewey/2022-09-05_ImpossibleTask_Dewey_Camera1.MOV,0.0,1156.293,30.000,,looking at owner,,,POINT,1033.055,C:/Users/gogue/Desktop/Dog_Coding/DONE/Dewey/2022-09-05_ImpossibleTask_Dewey_Camera1.MOV,30989,NA,
2022-09-05_ImpossibleTask_Dewey_Camera1,2024-11-05 05:54:02.095,,1082.057,Media file(s),player #1:C:/Users/gogue/Desktop/Dog_Coding/DONE/Dewey/2022-09-05_ImpossibleTask_Dewey_Camera1.MOV,0.0,1156.293,30.000,,looking at owner,,,POINT,1035.088,C:/Users/gogue/Desktop/Dog_Coding/DONE/Dewey/2022-09-05_ImpossibleTask_Dewey_Camera1.MOV,31050,NA,
2022-09-05_ImpossibleTask_Dewey_Camera1,2024-11-05 05:54:02.095,,1082.057,Media file(s),player #1:C:/Users/gogue/Desktop/Dog_Coding/DONE/Dewey/2022-09-05_ImpossibleTask_Dewey_Camera1.MOV,0.0,1156.293,30.000,,looking at owner,,,POINT,1048.188,C:/Users/gogue/Desktop/Dog_Coding/DONE/Dewey/2022-09-05_ImpossibleTask_Dewey_Camera1.MOV,31443,NA,
2022-09-05_ImpossibleTask_Dewey_Camera1,2024-11-05 05:54:02.095,,1082.057,Media file(s),player #1:C:/Users/gogue/Desktop/Dog_Coding/DONE/Dewey/2022-09-05_ImpossibleTask_Dewey_Camera1.MOV,0.0,1156.293,30.000,,looking at owner,,,POINT,1056.455,C:/Users/gogue/Desktop/Dog_Coding/DONE/Dewey/2022-09-05_ImpossibleTask_Dewey_Camera1.MOV,31691,NA,
2022-09-05_ImpossibleTask_Dewey_Camera1,2024-11-05 05:54:02.095,,1082.057,Media file(s),player #1:C:/Users/gogue/Desktop/Dog_Coding/DONE/Dewey/2022-09-05_ImpossibleTask_Dewey_Camera1.MOV,0.0,1156.293,30.000,,alternating gaze,,,POINT,1063.623,C:/Users/gogue/Desktop/Dog_Coding/DONE/Dewey/2022-09-05_ImpossibleTask_Dewey_Camera1.MOV,31906,NA,
2022-09-05_ImpossibleTask_Dewey_Camera1,2024-11-05 05:54:02.095,,1082.057,Media file(s),player #1:C:/Users/gogue/Desktop/Dog_Coding/DONE/Dewey/2022-09-05_ImpossibleTask_Dewey_Camera1.MOV,0.0,1156.293,30.000,,End,,T5,POINT,1131.760,C:/Users/gogue/Desktop/Dog_Coding/DONE/Dewey/2022-09-05_ImpossibleTask_Dewey_Camera1.MOV,33950,NA,
