Observation id,Observation date,Description,Observation duration,Observation type,Source,Time offset (s),Media duration (s),FPS,Subject,Behavior,Behavioral category,Modifier #1,Behavior type,Time,Media file name,Image index,Image file path,Comment
20220802_ImpossibleTask_Hugo_Camera1,2024-11-11 07:31:25.922,,1134.970,Media file(s),player #1:C:/Users/gogue/Desktop/Dog_Coding/Hugo/20220802_ImpossibleTask_Hugo_Camera1.MOV,0.0,1365.140,29.970,,Start,,T1,POINT,45.540,C:/Users/gogue/Desktop/Dog_Coding/Hugo/20220802_ImpossibleTask_Hugo_Camera1.MOV,1365,NA,
20220802_ImpossibleTask_Hugo_Camera1,2024-11-11 07:31:25.922,,1134.970,Media file(s),player #1:C:/Users/gogue/Desktop/Dog_Coding/Hugo/20220802_ImpossibleTask_Hugo_Camera1.MOV,0.0,1365.140,29.970,,looking at owner,,,POINT,45.573,C:/Users/gogue/Desktop/Dog_Coding/Hugo/20220802_ImpossibleTask_Hugo_Camera1.MOV,1366,NA,
20220802_ImpossibleTask_Hugo_Camera1,2024-11-11 07:31:25.922,,1134.970,Media file(s),player #1:C:/Users/gogue/Desktop/Dog_Coding/Hugo/20220802_ImpossibleTask_Hugo_Camera1.MOV,0.0,1365.140,29.970,,alternating gaze,,,POINT,51.412,C:/Users/gogue/Desktop/Dog_Coding/Hugo/20220802_ImpossibleTask_Hugo_Camera1.MOV,1541,NA,
20220802_ImpossibleTask_Hugo_Camera1,2024-11-11 07:31:25.922,,1134.970,Media file(s),player #1:C:/Users/gogue/Desktop/Dog_Coding/Hugo/20220802_ImpossibleTask_Hugo_Camera1.MOV,0.0,1365.140,29.970,,interacting with tupperware,,,START,53.613,C:/Users/gogue/Desktop/Dog_Coding/Hugo/20220802_ImpossibleTask_Hugo_Camera1.MOV,1607,NA,
20220802_ImpossibleTask_Hugo_Camera1,2024-11-11 07:31:25.922,,1134.970,Media file(s),player #1:C:/Users/gogue/Desktop/Dog_Coding/Hugo/20220802_ImpossibleTask_Hugo_Camera1.MOV,0.0,1365.140,29.970,,interacting with tupperware,,,STOP,58.718,C:/Users/gogue/Desktop/Dog_Coding/Hugo/20220802_ImpossibleTask_Hugo_Camera1.MOV,1760,NA,
20220802_ImpossibleTask_Hugo_Camera1,2024-11-11 07:31:25.922,,1134.970,Media file(s),player #1:C:/Users/gogue/Desktop/Dog_Coding/Hugo/20220802_ImpossibleTask_Hugo_Camera1.MOV,0.0,1365.140,29.970,,interacting with tupperware,,,START,62.988,C:/Users/gogue/Desktop/Dog_Coding/Hugo/20220802_ImpossibleTask_Hugo_Camera1.MOV,1888,NA,
20220802_ImpossibleTask_Hugo_Camera1,2024-11-11 07:31:25.922,,1134.970,Media file(s),player #1:C:/Users/gogue/Desktop/Dog_Coding/Hugo/20220802_ImpossibleTask_Hugo_Camera1.MOV,0.0,1365.140,29.970,,interacting with tupperware,,,STOP,64.190,C:/Users/gogue/Desktop/Dog_Coding/Hugo/20220802_ImpossibleTask_Hugo_Camera1.MOV,1924,NA,
20220802_ImpossibleTask_Hugo_Camera1,2024-11-11 07:31:25.922,,1134.970,Media file(s),player #1:C:/Users/gogue/Desktop/Dog_Coding/Hugo/20220802_ImpossibleTask_Hugo_Camera1.MOV,0.0,1365.140,29.970,,alternating gaze,,,POINT,64.457,C:/Users/gogue/Desktop/Dog_Coding/Hugo/20220802_ImpossibleTask_Hugo_Camera1.MOV,1932,NA,
20220802_ImpossibleTask_Hugo_Camera1,2024-11-11 07:31:25.922,,1134.970,Media file(s),player #1:C:/Users/gogue/Desktop/Dog_Coding/Hugo/20220802_ImpossibleTask_Hugo_Camera1.MOV,0.0,1365.140,29.970,,looking at owner,,,POINT,67.827,C:/Users/gogue/Desktop/Dog_Coding/Hugo/20220802_ImpossibleTask_Hugo_Camera1.MOV,2033,NA,
20220802_ImpossibleTask_Hugo_Camera1,2024-11-11 07:31:25.922,,1134.970,Media file(s),player #1:C:/Users/gogue/Desktop/Dog_Coding/Hugo/20220802_ImpossibleTask_Hugo_Camera1.MOV,0.0,1365.140,29.970,,alternating gaze,,,POINT,68.227,C:/Users/gogue/Desktop/Dog_Coding/Hugo/20220802_ImpossibleTask_Hugo_Camera1.MOV,2045,NA,
20220802_ImpossibleTask_Hugo_Camera1,2024-11-11 07:31:25.922,,1134.970,Media file(s),player #1:C:/Users/gogue/Desktop/Dog_Coding/Hugo/20220802_ImpossibleTask_Hugo_Camera1.MOV,0.0,1365.140,29.970,,interacting with tupperware,,,START,70.763,C:/Users/gogue/Desktop/Dog_Coding/Hugo/20220802_ImpossibleTask_Hugo_Camera1.MOV,2121,NA,
20220802_ImpossibleTask_Hugo_Camera1,2024-11-11 07:31:25.922,,1134.970,Media file(s),player #1:C:/Users/gogue/Desktop/Dog_Coding/Hugo/20220802_ImpossibleTask_Hugo_Camera1.MOV,0.0,1365.140,29.970,,interacting with tupperware,,,STOP,72.832,C:/Users/gogue/Desktop/Dog_Coding/Hugo/20220802_ImpossibleTask_Hugo_Camera1.MOV,2183,NA,
20220802_ImpossibleTask_Hugo_Camera1,2024-11-11 07:31:25.922,,1134.970,Media file(s),player #1:C:/Users/gogue/Desktop/Dog_Coding/Hugo/20220802_ImpossibleTask_Hugo_Camera1.MOV,0.0,1365.140,29.970,,looking at owner,,,POINT,119.538,C:/Users/gogue/Desktop/Dog_Coding/Hugo/20220802_ImpossibleTask_Hugo_Camera1.MOV,3583,NA,
20220802_ImpossibleTask_Hugo_Camera1,2024-11-11 07:31:25.922,,1134.970,Media file(s),player #1:C:/Users/gogue/Desktop/Dog_Coding/Hugo/20220802_ImpossibleTask_Hugo_Camera1.MOV,0.0,1365.140,29.970,,looking at owner,,,POINT,124.410,C:/Users/gogue/Desktop/Dog_Coding/Hugo/20220802_ImpossibleTask_Hugo_Camera1.MOV,3729,NA,
20220802_ImpossibleTask_Hugo_Camera1,2024-11-11 07:31:25.922,,1134.970,Media file(s),player #1:C:/Users/gogue/Desktop/Dog_Coding/Hugo/20220802_ImpossibleTask_Hugo_Camera1.MOV,0.0,1365.140,29.970,,looking at owner,,,POINT,134.285,C:/Users/gogue/Desktop/Dog_Coding/Hugo/20220802_ImpossibleTask_Hugo_Camera1.MOV,4025,NA,
20220802_ImpossibleTask_Hugo_Camera1,2024-11-11 07:31:25.922,,1134.970,Media file(s),player #1:C:/Users/gogue/Desktop/Dog_Coding/Hugo/20220802_ImpossibleTask_Hugo_Camera1.MOV,0.0,1365.140,29.970,,looking at owner,,,POINT,159.073,C:/Users/gogue/Desktop/Dog_Coding/Hugo/20220802_ImpossibleTask_Hugo_Camera1.MOV,4768,NA,
20220802_ImpossibleTask_Hugo_Camera1,2024-11-11 07:31:25.922,,1134.970,Media file(s),player #1:C:/Users/gogue/Desktop/Dog_Coding/Hugo/20220802_ImpossibleTask_Hugo_Camera1.MOV,0.0,1365.140,29.970,,looking at owner,,,POINT,178.792,C:/Users/gogue/Desktop/Dog_Coding/Hugo/20220802_ImpossibleTask_Hugo_Camera1.MOV,5359,NA,
20220802_ImpossibleTask_Hugo_Camera1,2024-11-11 07:31:25.922,,1134.970,Media file(s),player #1:C:/Users/gogue/Desktop/Dog_Coding/Hugo/20220802_ImpossibleTask_Hugo_Camera1.MOV,0.0,1365.140,29.970,,looking at owner,,,POINT,207.817,C:/Users/gogue/Desktop/Dog_Coding/Hugo/20220802_ImpossibleTask_Hugo_Camera1.MOV,6229,NA,
20220802_ImpossibleTask_Hugo_Camera1,2024-11-11 07:31:25.922,,1134.970,Media file(s),player #1:C:/Users/gogue/Desktop/Dog_Coding/Hugo/20220802_ImpossibleTask_Hugo_Camera1.MOV,0.0,1365.140,29.970,,End,,T1,POINT,225.567,C:/Users/gogue/Desktop/Dog_Coding/Hugo/20220802_ImpossibleTask_Hugo_Camera1.MOV,6761,NA,
20220802_ImpossibleTask_Hugo_Camera1,2024-11-11 07:31:25.922,,1134.970,Media file(s),player #1:C:/Users/gogue/Desktop/Dog_Coding/Hugo/20220802_ImpossibleTask_Hugo_Camera1.MOV,0.0,1365.140,29.970,,Start,,T2,POINT,272.073,C:/Users/gogue/Desktop/Dog_Coding/Hugo/20220802_ImpossibleTask_Hugo_Camera1.MOV,8155,NA,
20220802_ImpossibleTask_Hugo_Camera1,2024-11-11 07:31:25.922,,1134.970,Media file(s),player #1:C:/Users/gogue/Desktop/Dog_Coding/Hugo/20220802_ImpossibleTask_Hugo_Camera1.MOV,0.0,1365.140,29.970,,looking at owner,,,POINT,272.107,C:/Users/gogue/Desktop/Dog_Coding/Hugo/20220802_ImpossibleTask_Hugo_Camera1.MOV,8156,NA,
20220802_ImpossibleTask_Hugo_Camera1,2024-11-11 07:31:25.922,,1134.970,Media file(s),player #1:C:/Users/gogue/Desktop/Dog_Coding/Hugo/20220802_ImpossibleTask_Hugo_Camera1.MOV,0.0,1365.140,29.970,,alternating gaze,,,POINT,272.575,C:/Users/gogue/Desktop/Dog_Coding/Hugo/20220802_ImpossibleTask_Hugo_Camera1.MOV,8170,NA,
20220802_ImpossibleTask_Hugo_Camera1,2024-11-11 07:31:25.922,,1134.970,Media file(s),player #1:C:/Users/gogue/Desktop/Dog_Coding/Hugo/20220802_ImpossibleTask_Hugo_Camera1.MOV,0.0,1365.140,29.970,,interacting with tupperware,,,START,275.077,C:/Users/gogue/Desktop/Dog_Coding/Hugo/20220802_ImpossibleTask_Hugo_Camera1.MOV,8245,NA,
20220802_ImpossibleTask_Hugo_Camera1,2024-11-11 07:31:25.922,,1134.970,Media file(s),player #1:C:/Users/gogue/Desktop/Dog_Coding/Hugo/20220802_ImpossibleTask_Hugo_Camera1.MOV,0.0,1365.140,29.970,,interacting with tupperware,,,STOP,277.378,C:/Users/gogue/Desktop/Dog_Coding/Hugo/20220802_ImpossibleTask_Hugo_Camera1.MOV,8314,NA,
20220802_ImpossibleTask_Hugo_Camera1,2024-11-11 07:31:25.922,,1134.970,Media file(s),player #1:C:/Users/gogue/Desktop/Dog_Coding/Hugo/20220802_ImpossibleTask_Hugo_Camera1.MOV,0.0,1365.140,29.970,,interacting with tupperware,,,START,279.213,C:/Users/gogue/Desktop/Dog_Coding/Hugo/20220802_ImpossibleTask_Hugo_Camera1.MOV,8369,NA,
20220802_ImpossibleTask_Hugo_Camera1,2024-11-11 07:31:25.922,,1134.970,Media file(s),player #1:C:/Users/gogue/Desktop/Dog_Coding/Hugo/20220802_ImpossibleTask_Hugo_Camera1.MOV,0.0,1365.140,29.970,,interacting with tupperware,,,STOP,279.980,C:/Users/gogue/Desktop/Dog_Coding/Hugo/20220802_ImpossibleTask_Hugo_Camera1.MOV,8392,NA,
20220802_ImpossibleTask_Hugo_Camera1,2024-11-11 07:31:25.922,,1134.970,Media file(s),player #1:C:/Users/gogue/Desktop/Dog_Coding/Hugo/20220802_ImpossibleTask_Hugo_Camera1.MOV,0.0,1365.140,29.970,,interacting with tupperware,,,START,280.415,C:/Users/gogue/Desktop/Dog_Coding/Hugo/20220802_ImpossibleTask_Hugo_Camera1.MOV,8405,NA,
20220802_ImpossibleTask_Hugo_Camera1,2024-11-11 07:31:25.922,,1134.970,Media file(s),player #1:C:/Users/gogue/Desktop/Dog_Coding/Hugo/20220802_ImpossibleTask_Hugo_Camera1.MOV,0.0,1365.140,29.970,,interacting with tupperware,,,STOP,281.082,C:/Users/gogue/Desktop/Dog_Coding/Hugo/20220802_ImpossibleTask_Hugo_Camera1.MOV,8425,NA,
20220802_ImpossibleTask_Hugo_Camera1,2024-11-11 07:31:25.922,,1134.970,Media file(s),player #1:C:/Users/gogue/Desktop/Dog_Coding/Hugo/20220802_ImpossibleTask_Hugo_Camera1.MOV,0.0,1365.140,29.970,,interacting with tupperware,,,START,281.115,C:/Users/gogue/Desktop/Dog_Coding/Hugo/20220802_ImpossibleTask_Hugo_Camera1.MOV,8426,NA,
20220802_ImpossibleTask_Hugo_Camera1,2024-11-11 07:31:25.922,,1134.970,Media file(s),player #1:C:/Users/gogue/Desktop/Dog_Coding/Hugo/20220802_ImpossibleTask_Hugo_Camera1.MOV,0.0,1365.140,29.970,,interacting with tupperware,,,STOP,281.148,C:/Users/gogue/Desktop/Dog_Coding/Hugo/20220802_ImpossibleTask_Hugo_Camera1.MOV,8427,NA,
20220802_ImpossibleTask_Hugo_Camera1,2024-11-11 07:31:25.922,,1134.970,Media file(s),player #1:C:/Users/gogue/Desktop/Dog_Coding/Hugo/20220802_ImpossibleTask_Hugo_Camera1.MOV,0.0,1365.140,29.970,,interacting with tupperware,,,START,283.217,C:/Users/gogue/Desktop/Dog_Coding/Hugo/20220802_ImpossibleTask_Hugo_Camera1.MOV,8489,NA,
20220802_ImpossibleTask_Hugo_Camera1,2024-11-11 07:31:25.922,,1134.970,Media file(s),player #1:C:/Users/gogue/Desktop/Dog_Coding/Hugo/20220802_ImpossibleTask_Hugo_Camera1.MOV,0.0,1365.140,29.970,,interacting with tupperware,,,STOP,283.818,C:/Users/gogue/Desktop/Dog_Coding/Hugo/20220802_ImpossibleTask_Hugo_Camera1.MOV,8507,NA,
20220802_ImpossibleTask_Hugo_Camera1,2024-11-11 07:31:25.922,,1134.970,Media file(s),player #1:C:/Users/gogue/Desktop/Dog_Coding/Hugo/20220802_ImpossibleTask_Hugo_Camera1.MOV,0.0,1365.140,29.970,,looking at owner,,,POINT,286.220,C:/Users/gogue/Desktop/Dog_Coding/Hugo/20220802_ImpossibleTask_Hugo_Camera1.MOV,8579,NA,
20220802_ImpossibleTask_Hugo_Camera1,2024-11-11 07:31:25.922,,1134.970,Media file(s),player #1:C:/Users/gogue/Desktop/Dog_Coding/Hugo/20220802_ImpossibleTask_Hugo_Camera1.MOV,0.0,1365.140,29.970,,alternating gaze,,,POINT,286.787,C:/Users/gogue/Desktop/Dog_Coding/Hugo/20220802_ImpossibleTask_Hugo_Camera1.MOV,8596,NA,
20220802_ImpossibleTask_Hugo_Camera1,2024-11-11 07:31:25.922,,1134.970,Media file(s),player #1:C:/Users/gogue/Desktop/Dog_Coding/Hugo/20220802_ImpossibleTask_Hugo_Camera1.MOV,0.0,1365.140,29.970,,interacting with tupperware,,,START,287.855,C:/Users/gogue/Desktop/Dog_Coding/Hugo/20220802_ImpossibleTask_Hugo_Camera1.MOV,8628,NA,
20220802_ImpossibleTask_Hugo_Camera1,2024-11-11 07:31:25.922,,1134.970,Media file(s),player #1:C:/Users/gogue/Desktop/Dog_Coding/Hugo/20220802_ImpossibleTask_Hugo_Camera1.MOV,0.0,1365.140,29.970,,interacting with tupperware,,,STOP,292.125,C:/Users/gogue/Desktop/Dog_Coding/Hugo/20220802_ImpossibleTask_Hugo_Camera1.MOV,8756,NA,
20220802_ImpossibleTask_Hugo_Camera1,2024-11-11 07:31:25.922,,1134.970,Media file(s),player #1:C:/Users/gogue/Desktop/Dog_Coding/Hugo/20220802_ImpossibleTask_Hugo_Camera1.MOV,0.0,1365.140,29.970,,looking at owner,,,POINT,293.058,C:/Users/gogue/Desktop/Dog_Coding/Hugo/20220802_ImpossibleTask_Hugo_Camera1.MOV,8784,NA,
20220802_ImpossibleTask_Hugo_Camera1,2024-11-11 07:31:25.922,,1134.970,Media file(s),player #1:C:/Users/gogue/Desktop/Dog_Coding/Hugo/20220802_ImpossibleTask_Hugo_Camera1.MOV,0.0,1365.140,29.970,,positioning in front of owner,,,POINT,326.088,C:/Users/gogue/Desktop/Dog_Coding/Hugo/20220802_ImpossibleTask_Hugo_Camera1.MOV,9774,NA,
20220802_ImpossibleTask_Hugo_Camera1,2024-11-11 07:31:25.922,,1134.970,Media file(s),player #1:C:/Users/gogue/Desktop/Dog_Coding/Hugo/20220802_ImpossibleTask_Hugo_Camera1.MOV,0.0,1365.140,29.970,,interacting with tupperware,,,START,357.883,C:/Users/gogue/Desktop/Dog_Coding/Hugo/20220802_ImpossibleTask_Hugo_Camera1.MOV,10727,NA,
20220802_ImpossibleTask_Hugo_Camera1,2024-11-11 07:31:25.922,,1134.970,Media file(s),player #1:C:/Users/gogue/Desktop/Dog_Coding/Hugo/20220802_ImpossibleTask_Hugo_Camera1.MOV,0.0,1365.140,29.970,,interacting with tupperware,,,STOP,358.783,C:/Users/gogue/Desktop/Dog_Coding/Hugo/20220802_ImpossibleTask_Hugo_Camera1.MOV,10754,NA,
20220802_ImpossibleTask_Hugo_Camera1,2024-11-11 07:31:25.922,,1134.970,Media file(s),player #1:C:/Users/gogue/Desktop/Dog_Coding/Hugo/20220802_ImpossibleTask_Hugo_Camera1.MOV,0.0,1365.140,29.970,,alternating gaze,,,POINT,360.152,C:/Users/gogue/Desktop/Dog_Coding/Hugo/20220802_ImpossibleTask_Hugo_Camera1.MOV,10795,NA,
20220802_ImpossibleTask_Hugo_Camera1,2024-11-11 07:31:25.922,,1134.970,Media file(s),player #1:C:/Users/gogue/Desktop/Dog_Coding/Hugo/20220802_ImpossibleTask_Hugo_Camera1.MOV,0.0,1365.140,29.970,,alternating gaze,,,POINT,399.753,C:/Users/gogue/Desktop/Dog_Coding/Hugo/20220802_ImpossibleTask_Hugo_Camera1.MOV,11982,NA,
20220802_ImpossibleTask_Hugo_Camera1,2024-11-11 07:31:25.922,,1134.970,Media file(s),player #1:C:/Users/gogue/Desktop/Dog_Coding/Hugo/20220802_ImpossibleTask_Hugo_Camera1.MOV,0.0,1365.140,29.970,,looking at owner,,,POINT,401.355,C:/Users/gogue/Desktop/Dog_Coding/Hugo/20220802_ImpossibleTask_Hugo_Camera1.MOV,12030,NA,
20220802_ImpossibleTask_Hugo_Camera1,2024-11-11 07:31:25.922,,1134.970,Media file(s),player #1:C:/Users/gogue/Desktop/Dog_Coding/Hugo/20220802_ImpossibleTask_Hugo_Camera1.MOV,0.0,1365.140,29.970,,looking at owner,,,POINT,415.733,C:/Users/gogue/Desktop/Dog_Coding/Hugo/20220802_ImpossibleTask_Hugo_Camera1.MOV,12461,NA,
20220802_ImpossibleTask_Hugo_Camera1,2024-11-11 07:31:25.922,,1134.970,Media file(s),player #1:C:/Users/gogue/Desktop/Dog_Coding/Hugo/20220802_ImpossibleTask_Hugo_Camera1.MOV,0.0,1365.140,29.970,,alternating gaze,,,POINT,416.768,C:/Users/gogue/Desktop/Dog_Coding/Hugo/20220802_ImpossibleTask_Hugo_Camera1.MOV,12492,NA,
20220802_ImpossibleTask_Hugo_Camera1,2024-11-11 07:31:25.922,,1134.970,Media file(s),player #1:C:/Users/gogue/Desktop/Dog_Coding/Hugo/20220802_ImpossibleTask_Hugo_Camera1.MOV,0.0,1365.140,29.970,,looking at owner,,,POINT,445.660,C:/Users/gogue/Desktop/Dog_Coding/Hugo/20220802_ImpossibleTask_Hugo_Camera1.MOV,13358,NA,
20220802_ImpossibleTask_Hugo_Camera1,2024-11-11 07:31:25.922,,1134.970,Media file(s),player #1:C:/Users/gogue/Desktop/Dog_Coding/Hugo/20220802_ImpossibleTask_Hugo_Camera1.MOV,0.0,1365.140,29.970,,End,,T2,POINT,452.100,C:/Users/gogue/Desktop/Dog_Coding/Hugo/20220802_ImpossibleTask_Hugo_Camera1.MOV,13551,NA,
20220802_ImpossibleTask_Hugo_Camera1,2024-11-11 07:31:25.922,,1134.970,Media file(s),player #1:C:/Users/gogue/Desktop/Dog_Coding/Hugo/20220802_ImpossibleTask_Hugo_Camera1.MOV,0.0,1365.140,29.970,,Start,,T3,POINT,502.410,C:/Users/gogue/Desktop/Dog_Coding/Hugo/20220802_ImpossibleTask_Hugo_Camera1.MOV,15059,NA,
20220802_ImpossibleTask_Hugo_Camera1,2024-11-11 07:31:25.922,,1134.970,Media file(s),player #1:C:/Users/gogue/Desktop/Dog_Coding/Hugo/20220802_ImpossibleTask_Hugo_Camera1.MOV,0.0,1365.140,29.970,,interacting with tupperware,,,START,503.978,C:/Users/gogue/Desktop/Dog_Coding/Hugo/20220802_ImpossibleTask_Hugo_Camera1.MOV,15106,NA,
20220802_ImpossibleTask_Hugo_Camera1,2024-11-11 07:31:25.922,,1134.970,Media file(s),player #1:C:/Users/gogue/Desktop/Dog_Coding/Hugo/20220802_ImpossibleTask_Hugo_Camera1.MOV,0.0,1365.140,29.970,,interacting with tupperware,,,STOP,504.212,C:/Users/gogue/Desktop/Dog_Coding/Hugo/20220802_ImpossibleTask_Hugo_Camera1.MOV,15113,NA,
20220802_ImpossibleTask_Hugo_Camera1,2024-11-11 07:31:25.922,,1134.970,Media file(s),player #1:C:/Users/gogue/Desktop/Dog_Coding/Hugo/20220802_ImpossibleTask_Hugo_Camera1.MOV,0.0,1365.140,29.970,,interacting with tupperware,,,START,504.780,C:/Users/gogue/Desktop/Dog_Coding/Hugo/20220802_ImpossibleTask_Hugo_Camera1.MOV,15130,NA,
20220802_ImpossibleTask_Hugo_Camera1,2024-11-11 07:31:25.922,,1134.970,Media file(s),player #1:C:/Users/gogue/Desktop/Dog_Coding/Hugo/20220802_ImpossibleTask_Hugo_Camera1.MOV,0.0,1365.140,29.970,,interacting with tupperware,,,STOP,509.850,C:/Users/gogue/Desktop/Dog_Coding/Hugo/20220802_ImpossibleTask_Hugo_Camera1.MOV,15282,NA,
20220802_ImpossibleTask_Hugo_Camera1,2024-11-11 07:31:25.922,,1134.970,Media file(s),player #1:C:/Users/gogue/Desktop/Dog_Coding/Hugo/20220802_ImpossibleTask_Hugo_Camera1.MOV,0.0,1365.140,29.970,,interacting with tupperware,,,START,511.485,C:/Users/gogue/Desktop/Dog_Coding/Hugo/20220802_ImpossibleTask_Hugo_Camera1.MOV,15331,NA,
20220802_ImpossibleTask_Hugo_Camera1,2024-11-11 07:31:25.922,,1134.970,Media file(s),player #1:C:/Users/gogue/Desktop/Dog_Coding/Hugo/20220802_ImpossibleTask_Hugo_Camera1.MOV,0.0,1365.140,29.970,,interacting with tupperware,,,STOP,512.420,C:/Users/gogue/Desktop/Dog_Coding/Hugo/20220802_ImpossibleTask_Hugo_Camera1.MOV,15359,NA,
20220802_ImpossibleTask_Hugo_Camera1,2024-11-11 07:31:25.922,,1134.970,Media file(s),player #1:C:/Users/gogue/Desktop/Dog_Coding/Hugo/20220802_ImpossibleTask_Hugo_Camera1.MOV,0.0,1365.140,29.970,,interacting with tupperware,,,START,512.887,C:/Users/gogue/Desktop/Dog_Coding/Hugo/20220802_ImpossibleTask_Hugo_Camera1.MOV,15373,NA,
20220802_ImpossibleTask_Hugo_Camera1,2024-11-11 07:31:25.922,,1134.970,Media file(s),player #1:C:/Users/gogue/Desktop/Dog_Coding/Hugo/20220802_ImpossibleTask_Hugo_Camera1.MOV,0.0,1365.140,29.970,,interacting with tupperware,,,STOP,513.353,C:/Users/gogue/Desktop/Dog_Coding/Hugo/20220802_ImpossibleTask_Hugo_Camera1.MOV,15387,NA,
20220802_ImpossibleTask_Hugo_Camera1,2024-11-11 07:31:25.922,,1134.970,Media file(s),player #1:C:/Users/gogue/Desktop/Dog_Coding/Hugo/20220802_ImpossibleTask_Hugo_Camera1.MOV,0.0,1365.140,29.970,,interacting with tupperware,,,START,513.922,C:/Users/gogue/Desktop/Dog_Coding/Hugo/20220802_ImpossibleTask_Hugo_Camera1.MOV,15404,NA,
20220802_ImpossibleTask_Hugo_Camera1,2024-11-11 07:31:25.922,,1134.970,Media file(s),player #1:C:/Users/gogue/Desktop/Dog_Coding/Hugo/20220802_ImpossibleTask_Hugo_Camera1.MOV,0.0,1365.140,29.970,,interacting with tupperware,,,STOP,514.122,C:/Users/gogue/Desktop/Dog_Coding/Hugo/20220802_ImpossibleTask_Hugo_Camera1.MOV,15410,NA,
20220802_ImpossibleTask_Hugo_Camera1,2024-11-11 07:31:25.922,,1134.970,Media file(s),player #1:C:/Users/gogue/Desktop/Dog_Coding/Hugo/20220802_ImpossibleTask_Hugo_Camera1.MOV,0.0,1365.140,29.970,,interacting with tupperware,,,START,517.190,C:/Users/gogue/Desktop/Dog_Coding/Hugo/20220802_ImpossibleTask_Hugo_Camera1.MOV,15502,NA,
20220802_ImpossibleTask_Hugo_Camera1,2024-11-11 07:31:25.922,,1134.970,Media file(s),player #1:C:/Users/gogue/Desktop/Dog_Coding/Hugo/20220802_ImpossibleTask_Hugo_Camera1.MOV,0.0,1365.140,29.970,,interacting with tupperware,,,STOP,518.825,C:/Users/gogue/Desktop/Dog_Coding/Hugo/20220802_ImpossibleTask_Hugo_Camera1.MOV,15551,NA,
20220802_ImpossibleTask_Hugo_Camera1,2024-11-11 07:31:25.922,,1134.970,Media file(s),player #1:C:/Users/gogue/Desktop/Dog_Coding/Hugo/20220802_ImpossibleTask_Hugo_Camera1.MOV,0.0,1365.140,29.970,,alternating gaze,,,POINT,519.192,C:/Users/gogue/Desktop/Dog_Coding/Hugo/20220802_ImpossibleTask_Hugo_Camera1.MOV,15562,NA,
20220802_ImpossibleTask_Hugo_Camera1,2024-11-11 07:31:25.922,,1134.970,Media file(s),player #1:C:/Users/gogue/Desktop/Dog_Coding/Hugo/20220802_ImpossibleTask_Hugo_Camera1.MOV,0.0,1365.140,29.970,,positioning in front of owner,,,POINT,522.128,C:/Users/gogue/Desktop/Dog_Coding/Hugo/20220802_ImpossibleTask_Hugo_Camera1.MOV,15650,NA,
20220802_ImpossibleTask_Hugo_Camera1,2024-11-11 07:31:25.922,,1134.970,Media file(s),player #1:C:/Users/gogue/Desktop/Dog_Coding/Hugo/20220802_ImpossibleTask_Hugo_Camera1.MOV,0.0,1365.140,29.970,,nudging/scratching/paw owner,,,POINT,523.162,C:/Users/gogue/Desktop/Dog_Coding/Hugo/20220802_ImpossibleTask_Hugo_Camera1.MOV,15681,NA,
20220802_ImpossibleTask_Hugo_Camera1,2024-11-11 07:31:25.922,,1134.970,Media file(s),player #1:C:/Users/gogue/Desktop/Dog_Coding/Hugo/20220802_ImpossibleTask_Hugo_Camera1.MOV,0.0,1365.140,29.970,,looking at owner,,,POINT,528.600,C:/Users/gogue/Desktop/Dog_Coding/Hugo/20220802_ImpossibleTask_Hugo_Camera1.MOV,15844,NA,
20220802_ImpossibleTask_Hugo_Camera1,2024-11-11 07:31:25.922,,1134.970,Media file(s),player #1:C:/Users/gogue/Desktop/Dog_Coding/Hugo/20220802_ImpossibleTask_Hugo_Camera1.MOV,0.0,1365.140,29.970,,looking at owner,,,POINT,534.372,C:/Users/gogue/Desktop/Dog_Coding/Hugo/20220802_ImpossibleTask_Hugo_Camera1.MOV,16017,NA,
20220802_ImpossibleTask_Hugo_Camera1,2024-11-11 07:31:25.922,,1134.970,Media file(s),player #1:C:/Users/gogue/Desktop/Dog_Coding/Hugo/20220802_ImpossibleTask_Hugo_Camera1.MOV,0.0,1365.140,29.970,,looking at owner,,,POINT,539.943,C:/Users/gogue/Desktop/Dog_Coding/Hugo/20220802_ImpossibleTask_Hugo_Camera1.MOV,16184,NA,
20220802_ImpossibleTask_Hugo_Camera1,2024-11-11 07:31:25.922,,1134.970,Media file(s),player #1:C:/Users/gogue/Desktop/Dog_Coding/Hugo/20220802_ImpossibleTask_Hugo_Camera1.MOV,0.0,1365.140,29.970,,alternating gaze,,,POINT,541.012,C:/Users/gogue/Desktop/Dog_Coding/Hugo/20220802_ImpossibleTask_Hugo_Camera1.MOV,16216,NA,
20220802_ImpossibleTask_Hugo_Camera1,2024-11-11 07:31:25.922,,1134.970,Media file(s),player #1:C:/Users/gogue/Desktop/Dog_Coding/Hugo/20220802_ImpossibleTask_Hugo_Camera1.MOV,0.0,1365.140,29.970,,interacting with tupperware,,,START,543.580,C:/Users/gogue/Desktop/Dog_Coding/Hugo/20220802_ImpossibleTask_Hugo_Camera1.MOV,16293,NA,
20220802_ImpossibleTask_Hugo_Camera1,2024-11-11 07:31:25.922,,1134.970,Media file(s),player #1:C:/Users/gogue/Desktop/Dog_Coding/Hugo/20220802_ImpossibleTask_Hugo_Camera1.MOV,0.0,1365.140,29.970,,interacting with tupperware,,,STOP,544.148,C:/Users/gogue/Desktop/Dog_Coding/Hugo/20220802_ImpossibleTask_Hugo_Camera1.MOV,16310,NA,
20220802_ImpossibleTask_Hugo_Camera1,2024-11-11 07:31:25.922,,1134.970,Media file(s),player #1:C:/Users/gogue/Desktop/Dog_Coding/Hugo/20220802_ImpossibleTask_Hugo_Camera1.MOV,0.0,1365.140,29.970,,looking at owner,,,POINT,554.790,C:/Users/gogue/Desktop/Dog_Coding/Hugo/20220802_ImpossibleTask_Hugo_Camera1.MOV,16629,NA,
20220802_ImpossibleTask_Hugo_Camera1,2024-11-11 07:31:25.922,,1134.970,Media file(s),player #1:C:/Users/gogue/Desktop/Dog_Coding/Hugo/20220802_ImpossibleTask_Hugo_Camera1.MOV,0.0,1365.140,29.970,,alternating gaze,,,POINT,572.172,C:/Users/gogue/Desktop/Dog_Coding/Hugo/20220802_ImpossibleTask_Hugo_Camera1.MOV,17150,NA,
20220802_ImpossibleTask_Hugo_Camera1,2024-11-11 07:31:25.922,,1134.970,Media file(s),player #1:C:/Users/gogue/Desktop/Dog_Coding/Hugo/20220802_ImpossibleTask_Hugo_Camera1.MOV,0.0,1365.140,29.970,,looking at owner,,,POINT,594.425,C:/Users/gogue/Desktop/Dog_Coding/Hugo/20220802_ImpossibleTask_Hugo_Camera1.MOV,17817,NA,
20220802_ImpossibleTask_Hugo_Camera1,2024-11-11 07:31:25.922,,1134.970,Media file(s),player #1:C:/Users/gogue/Desktop/Dog_Coding/Hugo/20220802_ImpossibleTask_Hugo_Camera1.MOV,0.0,1365.140,29.970,,looking at owner,,,POINT,600.598,C:/Users/gogue/Desktop/Dog_Coding/Hugo/20220802_ImpossibleTask_Hugo_Camera1.MOV,18002,NA,
20220802_ImpossibleTask_Hugo_Camera1,2024-11-11 07:31:25.922,,1134.970,Media file(s),player #1:C:/Users/gogue/Desktop/Dog_Coding/Hugo/20220802_ImpossibleTask_Hugo_Camera1.MOV,0.0,1365.140,29.970,,looking at owner,,,POINT,621.750,C:/Users/gogue/Desktop/Dog_Coding/Hugo/20220802_ImpossibleTask_Hugo_Camera1.MOV,18636,NA,
20220802_ImpossibleTask_Hugo_Camera1,2024-11-11 07:31:25.922,,1134.970,Media file(s),player #1:C:/Users/gogue/Desktop/Dog_Coding/Hugo/20220802_ImpossibleTask_Hugo_Camera1.MOV,0.0,1365.140,29.970,,looking at owner,,,POINT,633.427,C:/Users/gogue/Desktop/Dog_Coding/Hugo/20220802_ImpossibleTask_Hugo_Camera1.MOV,18986,NA,
20220802_ImpossibleTask_Hugo_Camera1,2024-11-11 07:31:25.922,,1134.970,Media file(s),player #1:C:/Users/gogue/Desktop/Dog_Coding/Hugo/20220802_ImpossibleTask_Hugo_Camera1.MOV,0.0,1365.140,29.970,,looking at owner,,,POINT,637.363,C:/Users/gogue/Desktop/Dog_Coding/Hugo/20220802_ImpossibleTask_Hugo_Camera1.MOV,19104,NA,
20220802_ImpossibleTask_Hugo_Camera1,2024-11-11 07:31:25.922,,1134.970,Media file(s),player #1:C:/Users/gogue/Desktop/Dog_Coding/Hugo/20220802_ImpossibleTask_Hugo_Camera1.MOV,0.0,1365.140,29.970,,looking at owner,,,POINT,643.735,C:/Users/gogue/Desktop/Dog_Coding/Hugo/20220802_ImpossibleTask_Hugo_Camera1.MOV,19295,NA,
20220802_ImpossibleTask_Hugo_Camera1,2024-11-11 07:31:25.922,,1134.970,Media file(s),player #1:C:/Users/gogue/Desktop/Dog_Coding/Hugo/20220802_ImpossibleTask_Hugo_Camera1.MOV,0.0,1365.140,29.970,,looking at owner,,,POINT,662.352,C:/Users/gogue/Desktop/Dog_Coding/Hugo/20220802_ImpossibleTask_Hugo_Camera1.MOV,19853,NA,
20220802_ImpossibleTask_Hugo_Camera1,2024-11-11 07:31:25.922,,1134.970,Media file(s),player #1:C:/Users/gogue/Desktop/Dog_Coding/Hugo/20220802_ImpossibleTask_Hugo_Camera1.MOV,0.0,1365.140,29.970,,looking at owner,,,POINT,672.428,C:/Users/gogue/Desktop/Dog_Coding/Hugo/20220802_ImpossibleTask_Hugo_Camera1.MOV,20155,NA,
20220802_ImpossibleTask_Hugo_Camera1,2024-11-11 07:31:25.922,,1134.970,Media file(s),player #1:C:/Users/gogue/Desktop/Dog_Coding/Hugo/20220802_ImpossibleTask_Hugo_Camera1.MOV,0.0,1365.140,29.970,,looking at owner,,,POINT,682.270,C:/Users/gogue/Desktop/Dog_Coding/Hugo/20220802_ImpossibleTask_Hugo_Camera1.MOV,20450,NA,
20220802_ImpossibleTask_Hugo_Camera1,2024-11-11 07:31:25.922,,1134.970,Media file(s),player #1:C:/Users/gogue/Desktop/Dog_Coding/Hugo/20220802_ImpossibleTask_Hugo_Camera1.MOV,0.0,1365.140,29.970,,End,,T3,POINT,682.437,C:/Users/gogue/Desktop/Dog_Coding/Hugo/20220802_ImpossibleTask_Hugo_Camera1.MOV,20455,NA,
20220802_ImpossibleTask_Hugo_Camera1,2024-11-11 07:31:25.922,,1134.970,Media file(s),player #1:C:/Users/gogue/Desktop/Dog_Coding/Hugo/20220802_ImpossibleTask_Hugo_Camera1.MOV,0.0,1365.140,29.970,,Start,,T4,POINT,754.333,C:/Users/gogue/Desktop/Dog_Coding/Hugo/20220802_ImpossibleTask_Hugo_Camera1.MOV,22610,NA,
20220802_ImpossibleTask_Hugo_Camera1,2024-11-11 07:31:25.922,,1134.970,Media file(s),player #1:C:/Users/gogue/Desktop/Dog_Coding/Hugo/20220802_ImpossibleTask_Hugo_Camera1.MOV,0.0,1365.140,29.970,,interacting with tupperware,,,START,754.533,C:/Users/gogue/Desktop/Dog_Coding/Hugo/20220802_ImpossibleTask_Hugo_Camera1.MOV,22616,NA,
20220802_ImpossibleTask_Hugo_Camera1,2024-11-11 07:31:25.922,,1134.970,Media file(s),player #1:C:/Users/gogue/Desktop/Dog_Coding/Hugo/20220802_ImpossibleTask_Hugo_Camera1.MOV,0.0,1365.140,29.970,,interacting with tupperware,,,STOP,754.667,C:/Users/gogue/Desktop/Dog_Coding/Hugo/20220802_ImpossibleTask_Hugo_Camera1.MOV,22620,NA,
20220802_ImpossibleTask_Hugo_Camera1,2024-11-11 07:31:25.922,,1134.970,Media file(s),player #1:C:/Users/gogue/Desktop/Dog_Coding/Hugo/20220802_ImpossibleTask_Hugo_Camera1.MOV,0.0,1365.140,29.970,,interacting with tupperware,,,START,755.368,C:/Users/gogue/Desktop/Dog_Coding/Hugo/20220802_ImpossibleTask_Hugo_Camera1.MOV,22641,NA,
20220802_ImpossibleTask_Hugo_Camera1,2024-11-11 07:31:25.922,,1134.970,Media file(s),player #1:C:/Users/gogue/Desktop/Dog_Coding/Hugo/20220802_ImpossibleTask_Hugo_Camera1.MOV,0.0,1365.140,29.970,,interacting with tupperware,,,STOP,756.468,C:/Users/gogue/Desktop/Dog_Coding/Hugo/20220802_ImpossibleTask_Hugo_Camera1.MOV,22674,NA,
20220802_ImpossibleTask_Hugo_Camera1,2024-11-11 07:31:25.922,,1134.970,Media file(s),player #1:C:/Users/gogue/Desktop/Dog_Coding/Hugo/20220802_ImpossibleTask_Hugo_Camera1.MOV,0.0,1365.140,29.970,,interacting with tupperware,,,START,757.703,C:/Users/gogue/Desktop/Dog_Coding/Hugo/20220802_ImpossibleTask_Hugo_Camera1.MOV,22711,NA,
20220802_ImpossibleTask_Hugo_Camera1,2024-11-11 07:31:25.922,,1134.970,Media file(s),player #1:C:/Users/gogue/Desktop/Dog_Coding/Hugo/20220802_ImpossibleTask_Hugo_Camera1.MOV,0.0,1365.140,29.970,,interacting with tupperware,,,STOP,758.237,C:/Users/gogue/Desktop/Dog_Coding/Hugo/20220802_ImpossibleTask_Hugo_Camera1.MOV,22727,NA,
20220802_ImpossibleTask_Hugo_Camera1,2024-11-11 07:31:25.922,,1134.970,Media file(s),player #1:C:/Users/gogue/Desktop/Dog_Coding/Hugo/20220802_ImpossibleTask_Hugo_Camera1.MOV,0.0,1365.140,29.970,,alternating gaze,,,POINT,758.470,C:/Users/gogue/Desktop/Dog_Coding/Hugo/20220802_ImpossibleTask_Hugo_Camera1.MOV,22734,NA,
20220802_ImpossibleTask_Hugo_Camera1,2024-11-11 07:31:25.922,,1134.970,Media file(s),player #1:C:/Users/gogue/Desktop/Dog_Coding/Hugo/20220802_ImpossibleTask_Hugo_Camera1.MOV,0.0,1365.140,29.970,,interacting with tupperware,,,START,760.305,C:/Users/gogue/Desktop/Dog_Coding/Hugo/20220802_ImpossibleTask_Hugo_Camera1.MOV,22789,NA,
20220802_ImpossibleTask_Hugo_Camera1,2024-11-11 07:31:25.922,,1134.970,Media file(s),player #1:C:/Users/gogue/Desktop/Dog_Coding/Hugo/20220802_ImpossibleTask_Hugo_Camera1.MOV,0.0,1365.140,29.970,,interacting with tupperware,,,STOP,760.738,C:/Users/gogue/Desktop/Dog_Coding/Hugo/20220802_ImpossibleTask_Hugo_Camera1.MOV,22802,NA,
20220802_ImpossibleTask_Hugo_Camera1,2024-11-11 07:31:25.922,,1134.970,Media file(s),player #1:C:/Users/gogue/Desktop/Dog_Coding/Hugo/20220802_ImpossibleTask_Hugo_Camera1.MOV,0.0,1365.140,29.970,,interacting with tupperware,,,START,761.207,C:/Users/gogue/Desktop/Dog_Coding/Hugo/20220802_ImpossibleTask_Hugo_Camera1.MOV,22816,NA,
20220802_ImpossibleTask_Hugo_Camera1,2024-11-11 07:31:25.922,,1134.970,Media file(s),player #1:C:/Users/gogue/Desktop/Dog_Coding/Hugo/20220802_ImpossibleTask_Hugo_Camera1.MOV,0.0,1365.140,29.970,,interacting with tupperware,,,STOP,770.882,C:/Users/gogue/Desktop/Dog_Coding/Hugo/20220802_ImpossibleTask_Hugo_Camera1.MOV,23106,NA,
20220802_ImpossibleTask_Hugo_Camera1,2024-11-11 07:31:25.922,,1134.970,Media file(s),player #1:C:/Users/gogue/Desktop/Dog_Coding/Hugo/20220802_ImpossibleTask_Hugo_Camera1.MOV,0.0,1365.140,29.970,,interacting with tupperware,,,START,772.217,C:/Users/gogue/Desktop/Dog_Coding/Hugo/20220802_ImpossibleTask_Hugo_Camera1.MOV,23146,NA,
20220802_ImpossibleTask_Hugo_Camera1,2024-11-11 07:31:25.922,,1134.970,Media file(s),player #1:C:/Users/gogue/Desktop/Dog_Coding/Hugo/20220802_ImpossibleTask_Hugo_Camera1.MOV,0.0,1365.140,29.970,,interacting with tupperware,,,STOP,773.417,C:/Users/gogue/Desktop/Dog_Coding/Hugo/20220802_ImpossibleTask_Hugo_Camera1.MOV,23182,NA,
20220802_ImpossibleTask_Hugo_Camera1,2024-11-11 07:31:25.922,,1134.970,Media file(s),player #1:C:/Users/gogue/Desktop/Dog_Coding/Hugo/20220802_ImpossibleTask_Hugo_Camera1.MOV,0.0,1365.140,29.970,,interacting with tupperware,,,START,775.185,C:/Users/gogue/Desktop/Dog_Coding/Hugo/20220802_ImpossibleTask_Hugo_Camera1.MOV,23235,NA,
20220802_ImpossibleTask_Hugo_Camera1,2024-11-11 07:31:25.922,,1134.970,Media file(s),player #1:C:/Users/gogue/Desktop/Dog_Coding/Hugo/20220802_ImpossibleTask_Hugo_Camera1.MOV,0.0,1365.140,29.970,,interacting with tupperware,,,STOP,775.452,C:/Users/gogue/Desktop/Dog_Coding/Hugo/20220802_ImpossibleTask_Hugo_Camera1.MOV,23243,NA,
20220802_ImpossibleTask_Hugo_Camera1,2024-11-11 07:31:25.922,,1134.970,Media file(s),player #1:C:/Users/gogue/Desktop/Dog_Coding/Hugo/20220802_ImpossibleTask_Hugo_Camera1.MOV,0.0,1365.140,29.970,,interacting with tupperware,,,START,776.220,C:/Users/gogue/Desktop/Dog_Coding/Hugo/20220802_ImpossibleTask_Hugo_Camera1.MOV,23266,NA,
20220802_ImpossibleTask_Hugo_Camera1,2024-11-11 07:31:25.922,,1134.970,Media file(s),player #1:C:/Users/gogue/Desktop/Dog_Coding/Hugo/20220802_ImpossibleTask_Hugo_Camera1.MOV,0.0,1365.140,29.970,,interacting with tupperware,,,STOP,778.088,C:/Users/gogue/Desktop/Dog_Coding/Hugo/20220802_ImpossibleTask_Hugo_Camera1.MOV,23322,NA,
20220802_ImpossibleTask_Hugo_Camera1,2024-11-11 07:31:25.922,,1134.970,Media file(s),player #1:C:/Users/gogue/Desktop/Dog_Coding/Hugo/20220802_ImpossibleTask_Hugo_Camera1.MOV,0.0,1365.140,29.970,,interacting with tupperware,,,START,781.323,C:/Users/gogue/Desktop/Dog_Coding/Hugo/20220802_ImpossibleTask_Hugo_Camera1.MOV,23419,NA,
20220802_ImpossibleTask_Hugo_Camera1,2024-11-11 07:31:25.922,,1134.970,Media file(s),player #1:C:/Users/gogue/Desktop/Dog_Coding/Hugo/20220802_ImpossibleTask_Hugo_Camera1.MOV,0.0,1365.140,29.970,,interacting with tupperware,,,STOP,784.760,C:/Users/gogue/Desktop/Dog_Coding/Hugo/20220802_ImpossibleTask_Hugo_Camera1.MOV,23522,NA,
20220802_ImpossibleTask_Hugo_Camera1,2024-11-11 07:31:25.922,,1134.970,Media file(s),player #1:C:/Users/gogue/Desktop/Dog_Coding/Hugo/20220802_ImpossibleTask_Hugo_Camera1.MOV,0.0,1365.140,29.970,,interacting with tupperware,,,START,786.062,C:/Users/gogue/Desktop/Dog_Coding/Hugo/20220802_ImpossibleTask_Hugo_Camera1.MOV,23561,NA,
20220802_ImpossibleTask_Hugo_Camera1,2024-11-11 07:31:25.922,,1134.970,Media file(s),player #1:C:/Users/gogue/Desktop/Dog_Coding/Hugo/20220802_ImpossibleTask_Hugo_Camera1.MOV,0.0,1365.140,29.970,,interacting with tupperware,,,STOP,787.397,C:/Users/gogue/Desktop/Dog_Coding/Hugo/20220802_ImpossibleTask_Hugo_Camera1.MOV,23601,NA,
20220802_ImpossibleTask_Hugo_Camera1,2024-11-11 07:31:25.922,,1134.970,Media file(s),player #1:C:/Users/gogue/Desktop/Dog_Coding/Hugo/20220802_ImpossibleTask_Hugo_Camera1.MOV,0.0,1365.140,29.970,,alternating gaze,,,POINT,787.563,C:/Users/gogue/Desktop/Dog_Coding/Hugo/20220802_ImpossibleTask_Hugo_Camera1.MOV,23606,NA,
20220802_ImpossibleTask_Hugo_Camera1,2024-11-11 07:31:25.922,,1134.970,Media file(s),player #1:C:/Users/gogue/Desktop/Dog_Coding/Hugo/20220802_ImpossibleTask_Hugo_Camera1.MOV,0.0,1365.140,29.970,,looking at owner,,,POINT,799.407,C:/Users/gogue/Desktop/Dog_Coding/Hugo/20220802_ImpossibleTask_Hugo_Camera1.MOV,23961,NA,
20220802_ImpossibleTask_Hugo_Camera1,2024-11-11 07:31:25.922,,1134.970,Media file(s),player #1:C:/Users/gogue/Desktop/Dog_Coding/Hugo/20220802_ImpossibleTask_Hugo_Camera1.MOV,0.0,1365.140,29.970,,alternating gaze,,,POINT,801.842,C:/Users/gogue/Desktop/Dog_Coding/Hugo/20220802_ImpossibleTask_Hugo_Camera1.MOV,24034,NA,
20220802_ImpossibleTask_Hugo_Camera1,2024-11-11 07:31:25.922,,1134.970,Media file(s),player #1:C:/Users/gogue/Desktop/Dog_Coding/Hugo/20220802_ImpossibleTask_Hugo_Camera1.MOV,0.0,1365.140,29.970,,interacting with tupperware,,,START,806.113,C:/Users/gogue/Desktop/Dog_Coding/Hugo/20220802_ImpossibleTask_Hugo_Camera1.MOV,24162,NA,
20220802_ImpossibleTask_Hugo_Camera1,2024-11-11 07:31:25.922,,1134.970,Media file(s),player #1:C:/Users/gogue/Desktop/Dog_Coding/Hugo/20220802_ImpossibleTask_Hugo_Camera1.MOV,0.0,1365.140,29.970,,interacting with tupperware,,,STOP,807.413,C:/Users/gogue/Desktop/Dog_Coding/Hugo/20220802_ImpossibleTask_Hugo_Camera1.MOV,24201,NA,
20220802_ImpossibleTask_Hugo_Camera1,2024-11-11 07:31:25.922,,1134.970,Media file(s),player #1:C:/Users/gogue/Desktop/Dog_Coding/Hugo/20220802_ImpossibleTask_Hugo_Camera1.MOV,0.0,1365.140,29.970,,interacting with tupperware,,,START,810.250,C:/Users/gogue/Desktop/Dog_Coding/Hugo/20220802_ImpossibleTask_Hugo_Camera1.MOV,24286,NA,
20220802_ImpossibleTask_Hugo_Camera1,2024-11-11 07:31:25.922,,1134.970,Media file(s),player #1:C:/Users/gogue/Desktop/Dog_Coding/Hugo/20220802_ImpossibleTask_Hugo_Camera1.MOV,0.0,1365.140,29.970,,interacting with tupperware,,,STOP,810.617,C:/Users/gogue/Desktop/Dog_Coding/Hugo/20220802_ImpossibleTask_Hugo_Camera1.MOV,24297,NA,
20220802_ImpossibleTask_Hugo_Camera1,2024-11-11 07:31:25.922,,1134.970,Media file(s),player #1:C:/Users/gogue/Desktop/Dog_Coding/Hugo/20220802_ImpossibleTask_Hugo_Camera1.MOV,0.0,1365.140,29.970,,interacting with tupperware,,,START,811.250,C:/Users/gogue/Desktop/Dog_Coding/Hugo/20220802_ImpossibleTask_Hugo_Camera1.MOV,24316,NA,
20220802_ImpossibleTask_Hugo_Camera1,2024-11-11 07:31:25.922,,1134.970,Media file(s),player #1:C:/Users/gogue/Desktop/Dog_Coding/Hugo/20220802_ImpossibleTask_Hugo_Camera1.MOV,0.0,1365.140,29.970,,interacting with tupperware,,,STOP,811.550,C:/Users/gogue/Desktop/Dog_Coding/Hugo/20220802_ImpossibleTask_Hugo_Camera1.MOV,24325,NA,
20220802_ImpossibleTask_Hugo_Camera1,2024-11-11 07:31:25.922,,1134.970,Media file(s),player #1:C:/Users/gogue/Desktop/Dog_Coding/Hugo/20220802_ImpossibleTask_Hugo_Camera1.MOV,0.0,1365.140,29.970,,interacting with tupperware,,,START,811.718,C:/Users/gogue/Desktop/Dog_Coding/Hugo/20220802_ImpossibleTask_Hugo_Camera1.MOV,24330,NA,
20220802_ImpossibleTask_Hugo_Camera1,2024-11-11 07:31:25.922,,1134.970,Media file(s),player #1:C:/Users/gogue/Desktop/Dog_Coding/Hugo/20220802_ImpossibleTask_Hugo_Camera1.MOV,0.0,1365.140,29.970,,interacting with tupperware,,,STOP,811.885,C:/Users/gogue/Desktop/Dog_Coding/Hugo/20220802_ImpossibleTask_Hugo_Camera1.MOV,24335,NA,
20220802_ImpossibleTask_Hugo_Camera1,2024-11-11 07:31:25.922,,1134.970,Media file(s),player #1:C:/Users/gogue/Desktop/Dog_Coding/Hugo/20220802_ImpossibleTask_Hugo_Camera1.MOV,0.0,1365.140,29.970,,alternating gaze,,,POINT,812.385,C:/Users/gogue/Desktop/Dog_Coding/Hugo/20220802_ImpossibleTask_Hugo_Camera1.MOV,24350,NA,
20220802_ImpossibleTask_Hugo_Camera1,2024-11-11 07:31:25.922,,1134.970,Media file(s),player #1:C:/Users/gogue/Desktop/Dog_Coding/Hugo/20220802_ImpossibleTask_Hugo_Camera1.MOV,0.0,1365.140,29.970,,interacting with tupperware,,,START,814.887,C:/Users/gogue/Desktop/Dog_Coding/Hugo/20220802_ImpossibleTask_Hugo_Camera1.MOV,24425,NA,
20220802_ImpossibleTask_Hugo_Camera1,2024-11-11 07:31:25.922,,1134.970,Media file(s),player #1:C:/Users/gogue/Desktop/Dog_Coding/Hugo/20220802_ImpossibleTask_Hugo_Camera1.MOV,0.0,1365.140,29.970,,interacting with tupperware,,,STOP,814.953,C:/Users/gogue/Desktop/Dog_Coding/Hugo/20220802_ImpossibleTask_Hugo_Camera1.MOV,24427,NA,
20220802_ImpossibleTask_Hugo_Camera1,2024-11-11 07:31:25.922,,1134.970,Media file(s),player #1:C:/Users/gogue/Desktop/Dog_Coding/Hugo/20220802_ImpossibleTask_Hugo_Camera1.MOV,0.0,1365.140,29.970,,looking at owner,,,POINT,818.490,C:/Users/gogue/Desktop/Dog_Coding/Hugo/20220802_ImpossibleTask_Hugo_Camera1.MOV,24533,NA,
20220802_ImpossibleTask_Hugo_Camera1,2024-11-11 07:31:25.922,,1134.970,Media file(s),player #1:C:/Users/gogue/Desktop/Dog_Coding/Hugo/20220802_ImpossibleTask_Hugo_Camera1.MOV,0.0,1365.140,29.970,,looking at owner,,,POINT,843.078,C:/Users/gogue/Desktop/Dog_Coding/Hugo/20220802_ImpossibleTask_Hugo_Camera1.MOV,25270,NA,
20220802_ImpossibleTask_Hugo_Camera1,2024-11-11 07:31:25.922,,1134.970,Media file(s),player #1:C:/Users/gogue/Desktop/Dog_Coding/Hugo/20220802_ImpossibleTask_Hugo_Camera1.MOV,0.0,1365.140,29.970,,alternating gaze,,,POINT,894.090,C:/Users/gogue/Desktop/Dog_Coding/Hugo/20220802_ImpossibleTask_Hugo_Camera1.MOV,26799,NA,
20220802_ImpossibleTask_Hugo_Camera1,2024-11-11 07:31:25.922,,1134.970,Media file(s),player #1:C:/Users/gogue/Desktop/Dog_Coding/Hugo/20220802_ImpossibleTask_Hugo_Camera1.MOV,0.0,1365.140,29.970,,looking at owner,,,POINT,902.632,C:/Users/gogue/Desktop/Dog_Coding/Hugo/20220802_ImpossibleTask_Hugo_Camera1.MOV,27055,NA,
20220802_ImpossibleTask_Hugo_Camera1,2024-11-11 07:31:25.922,,1134.970,Media file(s),player #1:C:/Users/gogue/Desktop/Dog_Coding/Hugo/20220802_ImpossibleTask_Hugo_Camera1.MOV,0.0,1365.140,29.970,,alternating gaze,,,POINT,922.182,C:/Users/gogue/Desktop/Dog_Coding/Hugo/20220802_ImpossibleTask_Hugo_Camera1.MOV,27641,NA,
20220802_ImpossibleTask_Hugo_Camera1,2024-11-11 07:31:25.922,,1134.970,Media file(s),player #1:C:/Users/gogue/Desktop/Dog_Coding/Hugo/20220802_ImpossibleTask_Hugo_Camera1.MOV,0.0,1365.140,29.970,,End,,T4,POINT,934.360,C:/Users/gogue/Desktop/Dog_Coding/Hugo/20220802_ImpossibleTask_Hugo_Camera1.MOV,28006,NA,
20220802_ImpossibleTask_Hugo_Camera1,2024-11-11 07:31:25.922,,1134.970,Media file(s),player #1:C:/Users/gogue/Desktop/Dog_Coding/Hugo/20220802_ImpossibleTask_Hugo_Camera1.MOV,0.0,1365.140,29.970,,End,,T5,POINT,1000.518,C:/Users/gogue/Desktop/Dog_Coding/Hugo/20220802_ImpossibleTask_Hugo_Camera1.MOV,29989,NA,
20220802_ImpossibleTask_Hugo_Camera1,2024-11-11 07:31:25.922,,1134.970,Media file(s),player #1:C:/Users/gogue/Desktop/Dog_Coding/Hugo/20220802_ImpossibleTask_Hugo_Camera1.MOV,0.0,1365.140,29.970,,interacting with tupperware,,,START,1002.018,C:/Users/gogue/Desktop/Dog_Coding/Hugo/20220802_ImpossibleTask_Hugo_Camera1.MOV,30034,NA,
20220802_ImpossibleTask_Hugo_Camera1,2024-11-11 07:31:25.922,,1134.970,Media file(s),player #1:C:/Users/gogue/Desktop/Dog_Coding/Hugo/20220802_ImpossibleTask_Hugo_Camera1.MOV,0.0,1365.140,29.970,,interacting with tupperware,,,STOP,1002.253,C:/Users/gogue/Desktop/Dog_Coding/Hugo/20220802_ImpossibleTask_Hugo_Camera1.MOV,30041,NA,
20220802_ImpossibleTask_Hugo_Camera1,2024-11-11 07:31:25.922,,1134.970,Media file(s),player #1:C:/Users/gogue/Desktop/Dog_Coding/Hugo/20220802_ImpossibleTask_Hugo_Camera1.MOV,0.0,1365.140,29.970,,interacting with tupperware,,,START,1003.420,C:/Users/gogue/Desktop/Dog_Coding/Hugo/20220802_ImpossibleTask_Hugo_Camera1.MOV,30076,NA,
20220802_ImpossibleTask_Hugo_Camera1,2024-11-11 07:31:25.922,,1134.970,Media file(s),player #1:C:/Users/gogue/Desktop/Dog_Coding/Hugo/20220802_ImpossibleTask_Hugo_Camera1.MOV,0.0,1365.140,29.970,,interacting with tupperware,,,STOP,1004.055,C:/Users/gogue/Desktop/Dog_Coding/Hugo/20220802_ImpossibleTask_Hugo_Camera1.MOV,30095,NA,
20220802_ImpossibleTask_Hugo_Camera1,2024-11-11 07:31:25.922,,1134.970,Media file(s),player #1:C:/Users/gogue/Desktop/Dog_Coding/Hugo/20220802_ImpossibleTask_Hugo_Camera1.MOV,0.0,1365.140,29.970,,alternating gaze,,,POINT,1004.955,C:/Users/gogue/Desktop/Dog_Coding/Hugo/20220802_ImpossibleTask_Hugo_Camera1.MOV,30122,NA,
20220802_ImpossibleTask_Hugo_Camera1,2024-11-11 07:31:25.922,,1134.970,Media file(s),player #1:C:/Users/gogue/Desktop/Dog_Coding/Hugo/20220802_ImpossibleTask_Hugo_Camera1.MOV,0.0,1365.140,29.970,,interacting with tupperware,,,START,1006.423,C:/Users/gogue/Desktop/Dog_Coding/Hugo/20220802_ImpossibleTask_Hugo_Camera1.MOV,30166,NA,
20220802_ImpossibleTask_Hugo_Camera1,2024-11-11 07:31:25.922,,1134.970,Media file(s),player #1:C:/Users/gogue/Desktop/Dog_Coding/Hugo/20220802_ImpossibleTask_Hugo_Camera1.MOV,0.0,1365.140,29.970,,interacting with tupperware,,,STOP,1007.323,C:/Users/gogue/Desktop/Dog_Coding/Hugo/20220802_ImpossibleTask_Hugo_Camera1.MOV,30193,NA,
20220802_ImpossibleTask_Hugo_Camera1,2024-11-11 07:31:25.922,,1134.970,Media file(s),player #1:C:/Users/gogue/Desktop/Dog_Coding/Hugo/20220802_ImpossibleTask_Hugo_Camera1.MOV,0.0,1365.140,29.970,,interacting with tupperware,,,START,1007.790,C:/Users/gogue/Desktop/Dog_Coding/Hugo/20220802_ImpossibleTask_Hugo_Camera1.MOV,30207,NA,
20220802_ImpossibleTask_Hugo_Camera1,2024-11-11 07:31:25.922,,1134.970,Media file(s),player #1:C:/Users/gogue/Desktop/Dog_Coding/Hugo/20220802_ImpossibleTask_Hugo_Camera1.MOV,0.0,1365.140,29.970,,interacting with tupperware,,,STOP,1008.558,C:/Users/gogue/Desktop/Dog_Coding/Hugo/20220802_ImpossibleTask_Hugo_Camera1.MOV,30230,NA,
20220802_ImpossibleTask_Hugo_Camera1,2024-11-11 07:31:25.922,,1134.970,Media file(s),player #1:C:/Users/gogue/Desktop/Dog_Coding/Hugo/20220802_ImpossibleTask_Hugo_Camera1.MOV,0.0,1365.140,29.970,,interacting with tupperware,,,START,1009.692,C:/Users/gogue/Desktop/Dog_Coding/Hugo/20220802_ImpossibleTask_Hugo_Camera1.MOV,30264,NA,
20220802_ImpossibleTask_Hugo_Camera1,2024-11-11 07:31:25.922,,1134.970,Media file(s),player #1:C:/Users/gogue/Desktop/Dog_Coding/Hugo/20220802_ImpossibleTask_Hugo_Camera1.MOV,0.0,1365.140,29.970,,interacting with tupperware,,,STOP,1009.960,C:/Users/gogue/Desktop/Dog_Coding/Hugo/20220802_ImpossibleTask_Hugo_Camera1.MOV,30272,NA,
20220802_ImpossibleTask_Hugo_Camera1,2024-11-11 07:31:25.922,,1134.970,Media file(s),player #1:C:/Users/gogue/Desktop/Dog_Coding/Hugo/20220802_ImpossibleTask_Hugo_Camera1.MOV,0.0,1365.140,29.970,,interacting with tupperware,,,START,1011.093,C:/Users/gogue/Desktop/Dog_Coding/Hugo/20220802_ImpossibleTask_Hugo_Camera1.MOV,30306,NA,
20220802_ImpossibleTask_Hugo_Camera1,2024-11-11 07:31:25.922,,1134.970,Media file(s),player #1:C:/Users/gogue/Desktop/Dog_Coding/Hugo/20220802_ImpossibleTask_Hugo_Camera1.MOV,0.0,1365.140,29.970,,interacting with tupperware,,,STOP,1011.695,C:/Users/gogue/Desktop/Dog_Coding/Hugo/20220802_ImpossibleTask_Hugo_Camera1.MOV,30324,NA,
20220802_ImpossibleTask_Hugo_Camera1,2024-11-11 07:31:25.922,,1134.970,Media file(s),player #1:C:/Users/gogue/Desktop/Dog_Coding/Hugo/20220802_ImpossibleTask_Hugo_Camera1.MOV,0.0,1365.140,29.970,,interacting with tupperware,,,START,1014.130,C:/Users/gogue/Desktop/Dog_Coding/Hugo/20220802_ImpossibleTask_Hugo_Camera1.MOV,30397,NA,
20220802_ImpossibleTask_Hugo_Camera1,2024-11-11 07:31:25.922,,1134.970,Media file(s),player #1:C:/Users/gogue/Desktop/Dog_Coding/Hugo/20220802_ImpossibleTask_Hugo_Camera1.MOV,0.0,1365.140,29.970,,interacting with tupperware,,,STOP,1014.597,C:/Users/gogue/Desktop/Dog_Coding/Hugo/20220802_ImpossibleTask_Hugo_Camera1.MOV,30411,NA,
20220802_ImpossibleTask_Hugo_Camera1,2024-11-11 07:31:25.922,,1134.970,Media file(s),player #1:C:/Users/gogue/Desktop/Dog_Coding/Hugo/20220802_ImpossibleTask_Hugo_Camera1.MOV,0.0,1365.140,29.970,,interacting with tupperware,,,START,1015.130,C:/Users/gogue/Desktop/Dog_Coding/Hugo/20220802_ImpossibleTask_Hugo_Camera1.MOV,30427,NA,
20220802_ImpossibleTask_Hugo_Camera1,2024-11-11 07:31:25.922,,1134.970,Media file(s),player #1:C:/Users/gogue/Desktop/Dog_Coding/Hugo/20220802_ImpossibleTask_Hugo_Camera1.MOV,0.0,1365.140,29.970,,interacting with tupperware,,,STOP,1016.865,C:/Users/gogue/Desktop/Dog_Coding/Hugo/20220802_ImpossibleTask_Hugo_Camera1.MOV,30479,NA,
20220802_ImpossibleTask_Hugo_Camera1,2024-11-11 07:31:25.922,,1134.970,Media file(s),player #1:C:/Users/gogue/Desktop/Dog_Coding/Hugo/20220802_ImpossibleTask_Hugo_Camera1.MOV,0.0,1365.140,29.970,,interacting with tupperware,,,START,1018.133,C:/Users/gogue/Desktop/Dog_Coding/Hugo/20220802_ImpossibleTask_Hugo_Camera1.MOV,30517,NA,
20220802_ImpossibleTask_Hugo_Camera1,2024-11-11 07:31:25.922,,1134.970,Media file(s),player #1:C:/Users/gogue/Desktop/Dog_Coding/Hugo/20220802_ImpossibleTask_Hugo_Camera1.MOV,0.0,1365.140,29.970,,interacting with tupperware,,,STOP,1018.733,C:/Users/gogue/Desktop/Dog_Coding/Hugo/20220802_ImpossibleTask_Hugo_Camera1.MOV,30535,NA,
20220802_ImpossibleTask_Hugo_Camera1,2024-11-11 07:31:25.922,,1134.970,Media file(s),player #1:C:/Users/gogue/Desktop/Dog_Coding/Hugo/20220802_ImpossibleTask_Hugo_Camera1.MOV,0.0,1365.140,29.970,,interacting with tupperware,,,START,1019.402,C:/Users/gogue/Desktop/Dog_Coding/Hugo/20220802_ImpossibleTask_Hugo_Camera1.MOV,30555,NA,
20220802_ImpossibleTask_Hugo_Camera1,2024-11-11 07:31:25.922,,1134.970,Media file(s),player #1:C:/Users/gogue/Desktop/Dog_Coding/Hugo/20220802_ImpossibleTask_Hugo_Camera1.MOV,0.0,1365.140,29.970,,interacting with tupperware,,,STOP,1023.372,C:/Users/gogue/Desktop/Dog_Coding/Hugo/20220802_ImpossibleTask_Hugo_Camera1.MOV,30674,NA,
20220802_ImpossibleTask_Hugo_Camera1,2024-11-11 07:31:25.922,,1134.970,Media file(s),player #1:C:/Users/gogue/Desktop/Dog_Coding/Hugo/20220802_ImpossibleTask_Hugo_Camera1.MOV,0.0,1365.140,29.970,,interacting with tupperware,,,START,1024.638,C:/Users/gogue/Desktop/Dog_Coding/Hugo/20220802_ImpossibleTask_Hugo_Camera1.MOV,30712,NA,
20220802_ImpossibleTask_Hugo_Camera1,2024-11-11 07:31:25.922,,1134.970,Media file(s),player #1:C:/Users/gogue/Desktop/Dog_Coding/Hugo/20220802_ImpossibleTask_Hugo_Camera1.MOV,0.0,1365.140,29.970,,interacting with tupperware,,,STOP,1025.140,C:/Users/gogue/Desktop/Dog_Coding/Hugo/20220802_ImpossibleTask_Hugo_Camera1.MOV,30727,NA,
20220802_ImpossibleTask_Hugo_Camera1,2024-11-11 07:31:25.922,,1134.970,Media file(s),player #1:C:/Users/gogue/Desktop/Dog_Coding/Hugo/20220802_ImpossibleTask_Hugo_Camera1.MOV,0.0,1365.140,29.970,,interacting with tupperware,,,START,1025.973,C:/Users/gogue/Desktop/Dog_Coding/Hugo/20220802_ImpossibleTask_Hugo_Camera1.MOV,30752,NA,
20220802_ImpossibleTask_Hugo_Camera1,2024-11-11 07:31:25.922,,1134.970,Media file(s),player #1:C:/Users/gogue/Desktop/Dog_Coding/Hugo/20220802_ImpossibleTask_Hugo_Camera1.MOV,0.0,1365.140,29.970,,interacting with tupperware,,,STOP,1026.473,C:/Users/gogue/Desktop/Dog_Coding/Hugo/20220802_ImpossibleTask_Hugo_Camera1.MOV,30767,NA,
20220802_ImpossibleTask_Hugo_Camera1,2024-11-11 07:31:25.922,,1134.970,Media file(s),player #1:C:/Users/gogue/Desktop/Dog_Coding/Hugo/20220802_ImpossibleTask_Hugo_Camera1.MOV,0.0,1365.140,29.970,,interacting with tupperware,,,START,1026.708,C:/Users/gogue/Desktop/Dog_Coding/Hugo/20220802_ImpossibleTask_Hugo_Camera1.MOV,30774,NA,
20220802_ImpossibleTask_Hugo_Camera1,2024-11-11 07:31:25.922,,1134.970,Media file(s),player #1:C:/Users/gogue/Desktop/Dog_Coding/Hugo/20220802_ImpossibleTask_Hugo_Camera1.MOV,0.0,1365.140,29.970,,interacting with tupperware,,,STOP,1027.342,C:/Users/gogue/Desktop/Dog_Coding/Hugo/20220802_ImpossibleTask_Hugo_Camera1.MOV,30793,NA,
20220802_ImpossibleTask_Hugo_Camera1,2024-11-11 07:31:25.922,,1134.970,Media file(s),player #1:C:/Users/gogue/Desktop/Dog_Coding/Hugo/20220802_ImpossibleTask_Hugo_Camera1.MOV,0.0,1365.140,29.970,,interacting with tupperware,,,START,1029.143,C:/Users/gogue/Desktop/Dog_Coding/Hugo/20220802_ImpossibleTask_Hugo_Camera1.MOV,30847,NA,
20220802_ImpossibleTask_Hugo_Camera1,2024-11-11 07:31:25.922,,1134.970,Media file(s),player #1:C:/Users/gogue/Desktop/Dog_Coding/Hugo/20220802_ImpossibleTask_Hugo_Camera1.MOV,0.0,1365.140,29.970,,interacting with tupperware,,,STOP,1030.177,C:/Users/gogue/Desktop/Dog_Coding/Hugo/20220802_ImpossibleTask_Hugo_Camera1.MOV,30878,NA,
20220802_ImpossibleTask_Hugo_Camera1,2024-11-11 07:31:25.922,,1134.970,Media file(s),player #1:C:/Users/gogue/Desktop/Dog_Coding/Hugo/20220802_ImpossibleTask_Hugo_Camera1.MOV,0.0,1365.140,29.970,,interacting with tupperware,,,START,1040.987,C:/Users/gogue/Desktop/Dog_Coding/Hugo/20220802_ImpossibleTask_Hugo_Camera1.MOV,31202,NA,
20220802_ImpossibleTask_Hugo_Camera1,2024-11-11 07:31:25.922,,1134.970,Media file(s),player #1:C:/Users/gogue/Desktop/Dog_Coding/Hugo/20220802_ImpossibleTask_Hugo_Camera1.MOV,0.0,1365.140,29.970,,interacting with tupperware,,,STOP,1042.255,C:/Users/gogue/Desktop/Dog_Coding/Hugo/20220802_ImpossibleTask_Hugo_Camera1.MOV,31240,NA,
20220802_ImpossibleTask_Hugo_Camera1,2024-11-11 07:31:25.922,,1134.970,Media file(s),player #1:C:/Users/gogue/Desktop/Dog_Coding/Hugo/20220802_ImpossibleTask_Hugo_Camera1.MOV,0.0,1365.140,29.970,,interacting with tupperware,,,START,1042.555,C:/Users/gogue/Desktop/Dog_Coding/Hugo/20220802_ImpossibleTask_Hugo_Camera1.MOV,31249,NA,
20220802_ImpossibleTask_Hugo_Camera1,2024-11-11 07:31:25.922,,1134.970,Media file(s),player #1:C:/Users/gogue/Desktop/Dog_Coding/Hugo/20220802_ImpossibleTask_Hugo_Camera1.MOV,0.0,1365.140,29.970,,interacting with tupperware,,,STOP,1043.055,C:/Users/gogue/Desktop/Dog_Coding/Hugo/20220802_ImpossibleTask_Hugo_Camera1.MOV,31264,NA,
20220802_ImpossibleTask_Hugo_Camera1,2024-11-11 07:31:25.922,,1134.970,Media file(s),player #1:C:/Users/gogue/Desktop/Dog_Coding/Hugo/20220802_ImpossibleTask_Hugo_Camera1.MOV,0.0,1365.140,29.970,,interacting with tupperware,,,START,1043.255,C:/Users/gogue/Desktop/Dog_Coding/Hugo/20220802_ImpossibleTask_Hugo_Camera1.MOV,31270,NA,
20220802_ImpossibleTask_Hugo_Camera1,2024-11-11 07:31:25.922,,1134.970,Media file(s),player #1:C:/Users/gogue/Desktop/Dog_Coding/Hugo/20220802_ImpossibleTask_Hugo_Camera1.MOV,0.0,1365.140,29.970,,interacting with tupperware,,,STOP,1045.157,C:/Users/gogue/Desktop/Dog_Coding/Hugo/20220802_ImpossibleTask_Hugo_Camera1.MOV,31327,NA,
20220802_ImpossibleTask_Hugo_Camera1,2024-11-11 07:31:25.922,,1134.970,Media file(s),player #1:C:/Users/gogue/Desktop/Dog_Coding/Hugo/20220802_ImpossibleTask_Hugo_Camera1.MOV,0.0,1365.140,29.970,,alternating gaze,,,POINT,1045.858,C:/Users/gogue/Desktop/Dog_Coding/Hugo/20220802_ImpossibleTask_Hugo_Camera1.MOV,31348,NA,
20220802_ImpossibleTask_Hugo_Camera1,2024-11-11 07:31:25.922,,1134.970,Media file(s),player #1:C:/Users/gogue/Desktop/Dog_Coding/Hugo/20220802_ImpossibleTask_Hugo_Camera1.MOV,0.0,1365.140,29.970,,interacting with tupperware,,,START,1048.260,C:/Users/gogue/Desktop/Dog_Coding/Hugo/20220802_ImpossibleTask_Hugo_Camera1.MOV,31420,NA,
20220802_ImpossibleTask_Hugo_Camera1,2024-11-11 07:31:25.922,,1134.970,Media file(s),player #1:C:/Users/gogue/Desktop/Dog_Coding/Hugo/20220802_ImpossibleTask_Hugo_Camera1.MOV,0.0,1365.140,29.970,,interacting with tupperware,,,STOP,1048.860,C:/Users/gogue/Desktop/Dog_Coding/Hugo/20220802_ImpossibleTask_Hugo_Camera1.MOV,31438,NA,
20220802_ImpossibleTask_Hugo_Camera1,2024-11-11 07:31:25.922,,1134.970,Media file(s),player #1:C:/Users/gogue/Desktop/Dog_Coding/Hugo/20220802_ImpossibleTask_Hugo_Camera1.MOV,0.0,1365.140,29.970,,interacting with tupperware,,,START,1050.728,C:/Users/gogue/Desktop/Dog_Coding/Hugo/20220802_ImpossibleTask_Hugo_Camera1.MOV,31494,NA,
20220802_ImpossibleTask_Hugo_Camera1,2024-11-11 07:31:25.922,,1134.970,Media file(s),player #1:C:/Users/gogue/Desktop/Dog_Coding/Hugo/20220802_ImpossibleTask_Hugo_Camera1.MOV,0.0,1365.140,29.970,,interacting with tupperware,,,STOP,1051.897,C:/Users/gogue/Desktop/Dog_Coding/Hugo/20220802_ImpossibleTask_Hugo_Camera1.MOV,31529,NA,
20220802_ImpossibleTask_Hugo_Camera1,2024-11-11 07:31:25.922,,1134.970,Media file(s),player #1:C:/Users/gogue/Desktop/Dog_Coding/Hugo/20220802_ImpossibleTask_Hugo_Camera1.MOV,0.0,1365.140,29.970,,interacting with tupperware,,,START,1060.303,C:/Users/gogue/Desktop/Dog_Coding/Hugo/20220802_ImpossibleTask_Hugo_Camera1.MOV,31781,NA,
20220802_ImpossibleTask_Hugo_Camera1,2024-11-11 07:31:25.922,,1134.970,Media file(s),player #1:C:/Users/gogue/Desktop/Dog_Coding/Hugo/20220802_ImpossibleTask_Hugo_Camera1.MOV,0.0,1365.140,29.970,,interacting with tupperware,,,STOP,1060.603,C:/Users/gogue/Desktop/Dog_Coding/Hugo/20220802_ImpossibleTask_Hugo_Camera1.MOV,31790,NA,
20220802_ImpossibleTask_Hugo_Camera1,2024-11-11 07:31:25.922,,1134.970,Media file(s),player #1:C:/Users/gogue/Desktop/Dog_Coding/Hugo/20220802_ImpossibleTask_Hugo_Camera1.MOV,0.0,1365.140,29.970,,alternating gaze,,,POINT,1064.340,C:/Users/gogue/Desktop/Dog_Coding/Hugo/20220802_ImpossibleTask_Hugo_Camera1.MOV,31902,NA,
20220802_ImpossibleTask_Hugo_Camera1,2024-11-11 07:31:25.922,,1134.970,Media file(s),player #1:C:/Users/gogue/Desktop/Dog_Coding/Hugo/20220802_ImpossibleTask_Hugo_Camera1.MOV,0.0,1365.140,29.970,,positioning in front of owner,,,POINT,1066.543,C:/Users/gogue/Desktop/Dog_Coding/Hugo/20220802_ImpossibleTask_Hugo_Camera1.MOV,31968,NA,
20220802_ImpossibleTask_Hugo_Camera1,2024-11-11 07:31:25.922,,1134.970,Media file(s),player #1:C:/Users/gogue/Desktop/Dog_Coding/Hugo/20220802_ImpossibleTask_Hugo_Camera1.MOV,0.0,1365.140,29.970,,interacting with tupperware,,,START,1074.483,C:/Users/gogue/Desktop/Dog_Coding/Hugo/20220802_ImpossibleTask_Hugo_Camera1.MOV,32206,NA,
20220802_ImpossibleTask_Hugo_Camera1,2024-11-11 07:31:25.922,,1134.970,Media file(s),player #1:C:/Users/gogue/Desktop/Dog_Coding/Hugo/20220802_ImpossibleTask_Hugo_Camera1.MOV,0.0,1365.140,29.970,,interacting with tupperware,,,STOP,1074.983,C:/Users/gogue/Desktop/Dog_Coding/Hugo/20220802_ImpossibleTask_Hugo_Camera1.MOV,32221,NA,
20220802_ImpossibleTask_Hugo_Camera1,2024-11-11 07:31:25.922,,1134.970,Media file(s),player #1:C:/Users/gogue/Desktop/Dog_Coding/Hugo/20220802_ImpossibleTask_Hugo_Camera1.MOV,0.0,1365.140,29.970,,interacting with tupperware,,,START,1075.350,C:/Users/gogue/Desktop/Dog_Coding/Hugo/20220802_ImpossibleTask_Hugo_Camera1.MOV,32232,NA,
20220802_ImpossibleTask_Hugo_Camera1,2024-11-11 07:31:25.922,,1134.970,Media file(s),player #1:C:/Users/gogue/Desktop/Dog_Coding/Hugo/20220802_ImpossibleTask_Hugo_Camera1.MOV,0.0,1365.140,29.970,,interacting with tupperware,,,STOP,1075.818,C:/Users/gogue/Desktop/Dog_Coding/Hugo/20220802_ImpossibleTask_Hugo_Camera1.MOV,32246,NA,
20220802_ImpossibleTask_Hugo_Camera1,2024-11-11 07:31:25.922,,1134.970,Media file(s),player #1:C:/Users/gogue/Desktop/Dog_Coding/Hugo/20220802_ImpossibleTask_Hugo_Camera1.MOV,0.0,1365.140,29.970,,interacting with tupperware,,,START,1075.952,C:/Users/gogue/Desktop/Dog_Coding/Hugo/20220802_ImpossibleTask_Hugo_Camera1.MOV,32250,NA,
20220802_ImpossibleTask_Hugo_Camera1,2024-11-11 07:31:25.922,,1134.970,Media file(s),player #1:C:/Users/gogue/Desktop/Dog_Coding/Hugo/20220802_ImpossibleTask_Hugo_Camera1.MOV,0.0,1365.140,29.970,,interacting with tupperware,,,STOP,1076.318,C:/Users/gogue/Desktop/Dog_Coding/Hugo/20220802_ImpossibleTask_Hugo_Camera1.MOV,32261,NA,
20220802_ImpossibleTask_Hugo_Camera1,2024-11-11 07:31:25.922,,1134.970,Media file(s),player #1:C:/Users/gogue/Desktop/Dog_Coding/Hugo/20220802_ImpossibleTask_Hugo_Camera1.MOV,0.0,1365.140,29.970,,interacting with tupperware,,,START,1078.753,C:/Users/gogue/Desktop/Dog_Coding/Hugo/20220802_ImpossibleTask_Hugo_Camera1.MOV,32334,NA,
20220802_ImpossibleTask_Hugo_Camera1,2024-11-11 07:31:25.922,,1134.970,Media file(s),player #1:C:/Users/gogue/Desktop/Dog_Coding/Hugo/20220802_ImpossibleTask_Hugo_Camera1.MOV,0.0,1365.140,29.970,,interacting with tupperware,,,STOP,1080.022,C:/Users/gogue/Desktop/Dog_Coding/Hugo/20220802_ImpossibleTask_Hugo_Camera1.MOV,32372,NA,
20220802_ImpossibleTask_Hugo_Camera1,2024-11-11 07:31:25.922,,1134.970,Media file(s),player #1:C:/Users/gogue/Desktop/Dog_Coding/Hugo/20220802_ImpossibleTask_Hugo_Camera1.MOV,0.0,1365.140,29.970,,interacting with tupperware,,,START,1080.588,C:/Users/gogue/Desktop/Dog_Coding/Hugo/20220802_ImpossibleTask_Hugo_Camera1.MOV,32389,NA,
20220802_ImpossibleTask_Hugo_Camera1,2024-11-11 07:31:25.922,,1134.970,Media file(s),player #1:C:/Users/gogue/Desktop/Dog_Coding/Hugo/20220802_ImpossibleTask_Hugo_Camera1.MOV,0.0,1365.140,29.970,,interacting with tupperware,,,STOP,1080.922,C:/Users/gogue/Desktop/Dog_Coding/Hugo/20220802_ImpossibleTask_Hugo_Camera1.MOV,32399,NA,
20220802_ImpossibleTask_Hugo_Camera1,2024-11-11 07:31:25.922,,1134.970,Media file(s),player #1:C:/Users/gogue/Desktop/Dog_Coding/Hugo/20220802_ImpossibleTask_Hugo_Camera1.MOV,0.0,1365.140,29.970,,interacting with tupperware,,,START,1081.088,C:/Users/gogue/Desktop/Dog_Coding/Hugo/20220802_ImpossibleTask_Hugo_Camera1.MOV,32404,NA,
20220802_ImpossibleTask_Hugo_Camera1,2024-11-11 07:31:25.922,,1134.970,Media file(s),player #1:C:/Users/gogue/Desktop/Dog_Coding/Hugo/20220802_ImpossibleTask_Hugo_Camera1.MOV,0.0,1365.140,29.970,,interacting with tupperware,,,STOP,1081.923,C:/Users/gogue/Desktop/Dog_Coding/Hugo/20220802_ImpossibleTask_Hugo_Camera1.MOV,32429,NA,
20220802_ImpossibleTask_Hugo_Camera1,2024-11-11 07:31:25.922,,1134.970,Media file(s),player #1:C:/Users/gogue/Desktop/Dog_Coding/Hugo/20220802_ImpossibleTask_Hugo_Camera1.MOV,0.0,1365.140,29.970,,interacting with tupperware,,,START,1082.190,C:/Users/gogue/Desktop/Dog_Coding/Hugo/20220802_ImpossibleTask_Hugo_Camera1.MOV,32437,NA,
20220802_ImpossibleTask_Hugo_Camera1,2024-11-11 07:31:25.922,,1134.970,Media file(s),player #1:C:/Users/gogue/Desktop/Dog_Coding/Hugo/20220802_ImpossibleTask_Hugo_Camera1.MOV,0.0,1365.140,29.970,,interacting with tupperware,,,STOP,1082.557,C:/Users/gogue/Desktop/Dog_Coding/Hugo/20220802_ImpossibleTask_Hugo_Camera1.MOV,32448,NA,
20220802_ImpossibleTask_Hugo_Camera1,2024-11-11 07:31:25.922,,1134.970,Media file(s),player #1:C:/Users/gogue/Desktop/Dog_Coding/Hugo/20220802_ImpossibleTask_Hugo_Camera1.MOV,0.0,1365.140,29.970,,interacting with tupperware,,,START,1082.790,C:/Users/gogue/Desktop/Dog_Coding/Hugo/20220802_ImpossibleTask_Hugo_Camera1.MOV,32455,NA,
20220802_ImpossibleTask_Hugo_Camera1,2024-11-11 07:31:25.922,,1134.970,Media file(s),player #1:C:/Users/gogue/Desktop/Dog_Coding/Hugo/20220802_ImpossibleTask_Hugo_Camera1.MOV,0.0,1365.140,29.970,,interacting with tupperware,,,STOP,1083.525,C:/Users/gogue/Desktop/Dog_Coding/Hugo/20220802_ImpossibleTask_Hugo_Camera1.MOV,32477,NA,
20220802_ImpossibleTask_Hugo_Camera1,2024-11-11 07:31:25.922,,1134.970,Media file(s),player #1:C:/Users/gogue/Desktop/Dog_Coding/Hugo/20220802_ImpossibleTask_Hugo_Camera1.MOV,0.0,1365.140,29.970,,interacting with tupperware,,,START,1083.658,C:/Users/gogue/Desktop/Dog_Coding/Hugo/20220802_ImpossibleTask_Hugo_Camera1.MOV,32481,NA,
20220802_ImpossibleTask_Hugo_Camera1,2024-11-11 07:31:25.922,,1134.970,Media file(s),player #1:C:/Users/gogue/Desktop/Dog_Coding/Hugo/20220802_ImpossibleTask_Hugo_Camera1.MOV,0.0,1365.140,29.970,,interacting with tupperware,,,STOP,1084.058,C:/Users/gogue/Desktop/Dog_Coding/Hugo/20220802_ImpossibleTask_Hugo_Camera1.MOV,32493,NA,
20220802_ImpossibleTask_Hugo_Camera1,2024-11-11 07:31:25.922,,1134.970,Media file(s),player #1:C:/Users/gogue/Desktop/Dog_Coding/Hugo/20220802_ImpossibleTask_Hugo_Camera1.MOV,0.0,1365.140,29.970,,interacting with tupperware,,,START,1084.725,C:/Users/gogue/Desktop/Dog_Coding/Hugo/20220802_ImpossibleTask_Hugo_Camera1.MOV,32513,NA,
20220802_ImpossibleTask_Hugo_Camera1,2024-11-11 07:31:25.922,,1134.970,Media file(s),player #1:C:/Users/gogue/Desktop/Dog_Coding/Hugo/20220802_ImpossibleTask_Hugo_Camera1.MOV,0.0,1365.140,29.970,,interacting with tupperware,,,STOP,1086.593,C:/Users/gogue/Desktop/Dog_Coding/Hugo/20220802_ImpossibleTask_Hugo_Camera1.MOV,32569,NA,
20220802_ImpossibleTask_Hugo_Camera1,2024-11-11 07:31:25.922,,1134.970,Media file(s),player #1:C:/Users/gogue/Desktop/Dog_Coding/Hugo/20220802_ImpossibleTask_Hugo_Camera1.MOV,0.0,1365.140,29.970,,interacting with tupperware,,,START,1088.062,C:/Users/gogue/Desktop/Dog_Coding/Hugo/20220802_ImpossibleTask_Hugo_Camera1.MOV,32613,NA,
20220802_ImpossibleTask_Hugo_Camera1,2024-11-11 07:31:25.922,,1134.970,Media file(s),player #1:C:/Users/gogue/Desktop/Dog_Coding/Hugo/20220802_ImpossibleTask_Hugo_Camera1.MOV,0.0,1365.140,29.970,,interacting with tupperware,,,STOP,1088.997,C:/Users/gogue/Desktop/Dog_Coding/Hugo/20220802_ImpossibleTask_Hugo_Camera1.MOV,32641,NA,
20220802_ImpossibleTask_Hugo_Camera1,2024-11-11 07:31:25.922,,1134.970,Media file(s),player #1:C:/Users/gogue/Desktop/Dog_Coding/Hugo/20220802_ImpossibleTask_Hugo_Camera1.MOV,0.0,1365.140,29.970,,interacting with tupperware,,,START,1091.465,C:/Users/gogue/Desktop/Dog_Coding/Hugo/20220802_ImpossibleTask_Hugo_Camera1.MOV,32715,NA,
20220802_ImpossibleTask_Hugo_Camera1,2024-11-11 07:31:25.922,,1134.970,Media file(s),player #1:C:/Users/gogue/Desktop/Dog_Coding/Hugo/20220802_ImpossibleTask_Hugo_Camera1.MOV,0.0,1365.140,29.970,,interacting with tupperware,,,STOP,1091.998,C:/Users/gogue/Desktop/Dog_Coding/Hugo/20220802_ImpossibleTask_Hugo_Camera1.MOV,32731,NA,
20220802_ImpossibleTask_Hugo_Camera1,2024-11-11 07:31:25.922,,1134.970,Media file(s),player #1:C:/Users/gogue/Desktop/Dog_Coding/Hugo/20220802_ImpossibleTask_Hugo_Camera1.MOV,0.0,1365.140,29.970,,interacting with tupperware,,,START,1092.132,C:/Users/gogue/Desktop/Dog_Coding/Hugo/20220802_ImpossibleTask_Hugo_Camera1.MOV,32735,NA,
20220802_ImpossibleTask_Hugo_Camera1,2024-11-11 07:31:25.922,,1134.970,Media file(s),player #1:C:/Users/gogue/Desktop/Dog_Coding/Hugo/20220802_ImpossibleTask_Hugo_Camera1.MOV,0.0,1365.140,29.970,,interacting with tupperware,,,STOP,1092.833,C:/Users/gogue/Desktop/Dog_Coding/Hugo/20220802_ImpossibleTask_Hugo_Camera1.MOV,32756,NA,
20220802_ImpossibleTask_Hugo_Camera1,2024-11-11 07:31:25.922,,1134.970,Media file(s),player #1:C:/Users/gogue/Desktop/Dog_Coding/Hugo/20220802_ImpossibleTask_Hugo_Camera1.MOV,0.0,1365.140,29.970,,interacting with tupperware,,,START,1093.200,C:/Users/gogue/Desktop/Dog_Coding/Hugo/20220802_ImpossibleTask_Hugo_Camera1.MOV,32767,NA,
20220802_ImpossibleTask_Hugo_Camera1,2024-11-11 07:31:25.922,,1134.970,Media file(s),player #1:C:/Users/gogue/Desktop/Dog_Coding/Hugo/20220802_ImpossibleTask_Hugo_Camera1.MOV,0.0,1365.140,29.970,,interacting with tupperware,,,STOP,1094.100,C:/Users/gogue/Desktop/Dog_Coding/Hugo/20220802_ImpossibleTask_Hugo_Camera1.MOV,32794,NA,
20220802_ImpossibleTask_Hugo_Camera1,2024-11-11 07:31:25.922,,1134.970,Media file(s),player #1:C:/Users/gogue/Desktop/Dog_Coding/Hugo/20220802_ImpossibleTask_Hugo_Camera1.MOV,0.0,1365.140,29.970,,interacting with tupperware,,,START,1094.167,C:/Users/gogue/Desktop/Dog_Coding/Hugo/20220802_ImpossibleTask_Hugo_Camera1.MOV,32796,NA,
20220802_ImpossibleTask_Hugo_Camera1,2024-11-11 07:31:25.922,,1134.970,Media file(s),player #1:C:/Users/gogue/Desktop/Dog_Coding/Hugo/20220802_ImpossibleTask_Hugo_Camera1.MOV,0.0,1365.140,29.970,,interacting with tupperware,,,STOP,1094.802,C:/Users/gogue/Desktop/Dog_Coding/Hugo/20220802_ImpossibleTask_Hugo_Camera1.MOV,32815,NA,
20220802_ImpossibleTask_Hugo_Camera1,2024-11-11 07:31:25.922,,1134.970,Media file(s),player #1:C:/Users/gogue/Desktop/Dog_Coding/Hugo/20220802_ImpossibleTask_Hugo_Camera1.MOV,0.0,1365.140,29.970,,interacting with tupperware,,,START,1095.102,C:/Users/gogue/Desktop/Dog_Coding/Hugo/20220802_ImpossibleTask_Hugo_Camera1.MOV,32824,NA,
20220802_ImpossibleTask_Hugo_Camera1,2024-11-11 07:31:25.922,,1134.970,Media file(s),player #1:C:/Users/gogue/Desktop/Dog_Coding/Hugo/20220802_ImpossibleTask_Hugo_Camera1.MOV,0.0,1365.140,29.970,,interacting with tupperware,,,STOP,1098.472,C:/Users/gogue/Desktop/Dog_Coding/Hugo/20220802_ImpossibleTask_Hugo_Camera1.MOV,32925,NA,
20220802_ImpossibleTask_Hugo_Camera1,2024-11-11 07:31:25.922,,1134.970,Media file(s),player #1:C:/Users/gogue/Desktop/Dog_Coding/Hugo/20220802_ImpossibleTask_Hugo_Camera1.MOV,0.0,1365.140,29.970,,interacting with tupperware,,,START,1099.572,C:/Users/gogue/Desktop/Dog_Coding/Hugo/20220802_ImpossibleTask_Hugo_Camera1.MOV,32958,NA,
20220802_ImpossibleTask_Hugo_Camera1,2024-11-11 07:31:25.922,,1134.970,Media file(s),player #1:C:/Users/gogue/Desktop/Dog_Coding/Hugo/20220802_ImpossibleTask_Hugo_Camera1.MOV,0.0,1365.140,29.970,,interacting with tupperware,,,STOP,1100.138,C:/Users/gogue/Desktop/Dog_Coding/Hugo/20220802_ImpossibleTask_Hugo_Camera1.MOV,32975,NA,
20220802_ImpossibleTask_Hugo_Camera1,2024-11-11 07:31:25.922,,1134.970,Media file(s),player #1:C:/Users/gogue/Desktop/Dog_Coding/Hugo/20220802_ImpossibleTask_Hugo_Camera1.MOV,0.0,1365.140,29.970,,interacting with tupperware,,,START,1100.172,C:/Users/gogue/Desktop/Dog_Coding/Hugo/20220802_ImpossibleTask_Hugo_Camera1.MOV,32976,NA,
20220802_ImpossibleTask_Hugo_Camera1,2024-11-11 07:31:25.922,,1134.970,Media file(s),player #1:C:/Users/gogue/Desktop/Dog_Coding/Hugo/20220802_ImpossibleTask_Hugo_Camera1.MOV,0.0,1365.140,29.970,,interacting with tupperware,,,STOP,1102.775,C:/Users/gogue/Desktop/Dog_Coding/Hugo/20220802_ImpossibleTask_Hugo_Camera1.MOV,33054,NA,
20220802_ImpossibleTask_Hugo_Camera1,2024-11-11 07:31:25.922,,1134.970,Media file(s),player #1:C:/Users/gogue/Desktop/Dog_Coding/Hugo/20220802_ImpossibleTask_Hugo_Camera1.MOV,0.0,1365.140,29.970,,interacting with tupperware,,,START,1104.077,C:/Users/gogue/Desktop/Dog_Coding/Hugo/20220802_ImpossibleTask_Hugo_Camera1.MOV,33093,NA,
20220802_ImpossibleTask_Hugo_Camera1,2024-11-11 07:31:25.922,,1134.970,Media file(s),player #1:C:/Users/gogue/Desktop/Dog_Coding/Hugo/20220802_ImpossibleTask_Hugo_Camera1.MOV,0.0,1365.140,29.970,,interacting with tupperware,,,STOP,1106.578,C:/Users/gogue/Desktop/Dog_Coding/Hugo/20220802_ImpossibleTask_Hugo_Camera1.MOV,33168,NA,
20220802_ImpossibleTask_Hugo_Camera1,2024-11-11 07:31:25.922,,1134.970,Media file(s),player #1:C:/Users/gogue/Desktop/Dog_Coding/Hugo/20220802_ImpossibleTask_Hugo_Camera1.MOV,0.0,1365.140,29.970,,interacting with tupperware,,,START,1106.645,C:/Users/gogue/Desktop/Dog_Coding/Hugo/20220802_ImpossibleTask_Hugo_Camera1.MOV,33170,NA,
20220802_ImpossibleTask_Hugo_Camera1,2024-11-11 07:31:25.922,,1134.970,Media file(s),player #1:C:/Users/gogue/Desktop/Dog_Coding/Hugo/20220802_ImpossibleTask_Hugo_Camera1.MOV,0.0,1365.140,29.970,,interacting with tupperware,,,STOP,1107.847,C:/Users/gogue/Desktop/Dog_Coding/Hugo/20220802_ImpossibleTask_Hugo_Camera1.MOV,33206,NA,
20220802_ImpossibleTask_Hugo_Camera1,2024-11-11 07:31:25.922,,1134.970,Media file(s),player #1:C:/Users/gogue/Desktop/Dog_Coding/Hugo/20220802_ImpossibleTask_Hugo_Camera1.MOV,0.0,1365.140,29.970,,interacting with tupperware,,,START,1108.580,C:/Users/gogue/Desktop/Dog_Coding/Hugo/20220802_ImpossibleTask_Hugo_Camera1.MOV,33228,NA,
20220802_ImpossibleTask_Hugo_Camera1,2024-11-11 07:31:25.922,,1134.970,Media file(s),player #1:C:/Users/gogue/Desktop/Dog_Coding/Hugo/20220802_ImpossibleTask_Hugo_Camera1.MOV,0.0,1365.140,29.970,,interacting with tupperware,,,STOP,1111.917,C:/Users/gogue/Desktop/Dog_Coding/Hugo/20220802_ImpossibleTask_Hugo_Camera1.MOV,33328,NA,
20220802_ImpossibleTask_Hugo_Camera1,2024-11-11 07:31:25.922,,1134.970,Media file(s),player #1:C:/Users/gogue/Desktop/Dog_Coding/Hugo/20220802_ImpossibleTask_Hugo_Camera1.MOV,0.0,1365.140,29.970,,interacting with tupperware,,,START,1112.717,C:/Users/gogue/Desktop/Dog_Coding/Hugo/20220802_ImpossibleTask_Hugo_Camera1.MOV,33352,NA,
20220802_ImpossibleTask_Hugo_Camera1,2024-11-11 07:31:25.922,,1134.970,Media file(s),player #1:C:/Users/gogue/Desktop/Dog_Coding/Hugo/20220802_ImpossibleTask_Hugo_Camera1.MOV,0.0,1365.140,29.970,,interacting with tupperware,,,STOP,1113.952,C:/Users/gogue/Desktop/Dog_Coding/Hugo/20220802_ImpossibleTask_Hugo_Camera1.MOV,33389,NA,
20220802_ImpossibleTask_Hugo_Camera1,2024-11-11 07:31:25.922,,1134.970,Media file(s),player #1:C:/Users/gogue/Desktop/Dog_Coding/Hugo/20220802_ImpossibleTask_Hugo_Camera1.MOV,0.0,1365.140,29.970,,alternating gaze,,,POINT,1114.252,C:/Users/gogue/Desktop/Dog_Coding/Hugo/20220802_ImpossibleTask_Hugo_Camera1.MOV,33398,NA,
20220802_ImpossibleTask_Hugo_Camera1,2024-11-11 07:31:25.922,,1134.970,Media file(s),player #1:C:/Users/gogue/Desktop/Dog_Coding/Hugo/20220802_ImpossibleTask_Hugo_Camera1.MOV,0.0,1365.140,29.970,,interacting with tupperware,,,START,1118.622,C:/Users/gogue/Desktop/Dog_Coding/Hugo/20220802_ImpossibleTask_Hugo_Camera1.MOV,33529,NA,
20220802_ImpossibleTask_Hugo_Camera1,2024-11-11 07:31:25.922,,1134.970,Media file(s),player #1:C:/Users/gogue/Desktop/Dog_Coding/Hugo/20220802_ImpossibleTask_Hugo_Camera1.MOV,0.0,1365.140,29.970,,interacting with tupperware,,,STOP,1118.922,C:/Users/gogue/Desktop/Dog_Coding/Hugo/20220802_ImpossibleTask_Hugo_Camera1.MOV,33538,NA,
20220802_ImpossibleTask_Hugo_Camera1,2024-11-11 07:31:25.922,,1134.970,Media file(s),player #1:C:/Users/gogue/Desktop/Dog_Coding/Hugo/20220802_ImpossibleTask_Hugo_Camera1.MOV,0.0,1365.140,29.970,,interacting with tupperware,,,START,1119.157,C:/Users/gogue/Desktop/Dog_Coding/Hugo/20220802_ImpossibleTask_Hugo_Camera1.MOV,33545,NA,
20220802_ImpossibleTask_Hugo_Camera1,2024-11-11 07:31:25.922,,1134.970,Media file(s),player #1:C:/Users/gogue/Desktop/Dog_Coding/Hugo/20220802_ImpossibleTask_Hugo_Camera1.MOV,0.0,1365.140,29.970,,interacting with tupperware,,,STOP,1119.423,C:/Users/gogue/Desktop/Dog_Coding/Hugo/20220802_ImpossibleTask_Hugo_Camera1.MOV,33553,NA,
20220802_ImpossibleTask_Hugo_Camera1,2024-11-11 07:31:25.922,,1134.970,Media file(s),player #1:C:/Users/gogue/Desktop/Dog_Coding/Hugo/20220802_ImpossibleTask_Hugo_Camera1.MOV,0.0,1365.140,29.970,,interacting with tupperware,,,START,1119.657,C:/Users/gogue/Desktop/Dog_Coding/Hugo/20220802_ImpossibleTask_Hugo_Camera1.MOV,33560,NA,
20220802_ImpossibleTask_Hugo_Camera1,2024-11-11 07:31:25.922,,1134.970,Media file(s),player #1:C:/Users/gogue/Desktop/Dog_Coding/Hugo/20220802_ImpossibleTask_Hugo_Camera1.MOV,0.0,1365.140,29.970,,interacting with tupperware,,,STOP,1120.057,C:/Users/gogue/Desktop/Dog_Coding/Hugo/20220802_ImpossibleTask_Hugo_Camera1.MOV,33572,NA,
20220802_ImpossibleTask_Hugo_Camera1,2024-11-11 07:31:25.922,,1134.970,Media file(s),player #1:C:/Users/gogue/Desktop/Dog_Coding/Hugo/20220802_ImpossibleTask_Hugo_Camera1.MOV,0.0,1365.140,29.970,,interacting with tupperware,,,START,1120.223,C:/Users/gogue/Desktop/Dog_Coding/Hugo/20220802_ImpossibleTask_Hugo_Camera1.MOV,33577,NA,
20220802_ImpossibleTask_Hugo_Camera1,2024-11-11 07:31:25.922,,1134.970,Media file(s),player #1:C:/Users/gogue/Desktop/Dog_Coding/Hugo/20220802_ImpossibleTask_Hugo_Camera1.MOV,0.0,1365.140,29.970,,interacting with tupperware,,,STOP,1120.523,C:/Users/gogue/Desktop/Dog_Coding/Hugo/20220802_ImpossibleTask_Hugo_Camera1.MOV,33586,NA,
20220802_ImpossibleTask_Hugo_Camera1,2024-11-11 07:31:25.922,,1134.970,Media file(s),player #1:C:/Users/gogue/Desktop/Dog_Coding/Hugo/20220802_ImpossibleTask_Hugo_Camera1.MOV,0.0,1365.140,29.970,,alternating gaze,,,POINT,1121.292,C:/Users/gogue/Desktop/Dog_Coding/Hugo/20220802_ImpossibleTask_Hugo_Camera1.MOV,33609,NA,
20220802_ImpossibleTask_Hugo_Camera1,2024-11-11 07:31:25.922,,1134.970,Media file(s),player #1:C:/Users/gogue/Desktop/Dog_Coding/Hugo/20220802_ImpossibleTask_Hugo_Camera1.MOV,0.0,1365.140,29.970,,interacting with tupperware,,,START,1134.637,C:/Users/gogue/Desktop/Dog_Coding/Hugo/20220802_ImpossibleTask_Hugo_Camera1.MOV,34009,NA,
20220802_ImpossibleTask_Hugo_Camera1,2024-11-11 07:31:25.922,,1134.970,Media file(s),player #1:C:/Users/gogue/Desktop/Dog_Coding/Hugo/20220802_ImpossibleTask_Hugo_Camera1.MOV,0.0,1365.140,29.970,,interacting with tupperware,,,STOP,1135.037,C:/Users/gogue/Desktop/Dog_Coding/Hugo/20220802_ImpossibleTask_Hugo_Camera1.MOV,34021,NA,
20220802_ImpossibleTask_Hugo_Camera1,2024-11-11 07:31:25.922,,1134.970,Media file(s),player #1:C:/Users/gogue/Desktop/Dog_Coding/Hugo/20220802_ImpossibleTask_Hugo_Camera1.MOV,0.0,1365.140,29.970,,interacting with tupperware,,,START,1135.437,C:/Users/gogue/Desktop/Dog_Coding/Hugo/20220802_ImpossibleTask_Hugo_Camera1.MOV,34033,NA,
20220802_ImpossibleTask_Hugo_Camera1,2024-11-11 07:31:25.922,,1134.970,Media file(s),player #1:C:/Users/gogue/Desktop/Dog_Coding/Hugo/20220802_ImpossibleTask_Hugo_Camera1.MOV,0.0,1365.140,29.970,,interacting with tupperware,,,STOP,1135.770,C:/Users/gogue/Desktop/Dog_Coding/Hugo/20220802_ImpossibleTask_Hugo_Camera1.MOV,34043,NA,
20220802_ImpossibleTask_Hugo_Camera1,2024-11-11 07:31:25.922,,1134.970,Media file(s),player #1:C:/Users/gogue/Desktop/Dog_Coding/Hugo/20220802_ImpossibleTask_Hugo_Camera1.MOV,0.0,1365.140,29.970,,interacting with tupperware,,,START,1136.037,C:/Users/gogue/Desktop/Dog_Coding/Hugo/20220802_ImpossibleTask_Hugo_Camera1.MOV,34051,NA,
20220802_ImpossibleTask_Hugo_Camera1,2024-11-11 07:31:25.922,,1134.970,Media file(s),player #1:C:/Users/gogue/Desktop/Dog_Coding/Hugo/20220802_ImpossibleTask_Hugo_Camera1.MOV,0.0,1365.140,29.970,,interacting with tupperware,,,STOP,1136.405,C:/Users/gogue/Desktop/Dog_Coding/Hugo/20220802_ImpossibleTask_Hugo_Camera1.MOV,34062,NA,
20220802_ImpossibleTask_Hugo_Camera1,2024-11-11 07:31:25.922,,1134.970,Media file(s),player #1:C:/Users/gogue/Desktop/Dog_Coding/Hugo/20220802_ImpossibleTask_Hugo_Camera1.MOV,0.0,1365.140,29.970,,interacting with tupperware,,,START,1136.572,C:/Users/gogue/Desktop/Dog_Coding/Hugo/20220802_ImpossibleTask_Hugo_Camera1.MOV,34067,NA,
20220802_ImpossibleTask_Hugo_Camera1,2024-11-11 07:31:25.922,,1134.970,Media file(s),player #1:C:/Users/gogue/Desktop/Dog_Coding/Hugo/20220802_ImpossibleTask_Hugo_Camera1.MOV,0.0,1365.140,29.970,,interacting with tupperware,,,STOP,1136.905,C:/Users/gogue/Desktop/Dog_Coding/Hugo/20220802_ImpossibleTask_Hugo_Camera1.MOV,34077,NA,
20220802_ImpossibleTask_Hugo_Camera1,2024-11-11 07:31:25.922,,1134.970,Media file(s),player #1:C:/Users/gogue/Desktop/Dog_Coding/Hugo/20220802_ImpossibleTask_Hugo_Camera1.MOV,0.0,1365.140,29.970,,alternating gaze,,,POINT,1137.438,C:/Users/gogue/Desktop/Dog_Coding/Hugo/20220802_ImpossibleTask_Hugo_Camera1.MOV,34093,NA,
20220802_ImpossibleTask_Hugo_Camera1,2024-11-11 07:31:25.922,,1134.970,Media file(s),player #1:C:/Users/gogue/Desktop/Dog_Coding/Hugo/20220802_ImpossibleTask_Hugo_Camera1.MOV,0.0,1365.140,29.970,,interacting with tupperware,,,START,1151.885,C:/Users/gogue/Desktop/Dog_Coding/Hugo/20220802_ImpossibleTask_Hugo_Camera1.MOV,34526,NA,
20220802_ImpossibleTask_Hugo_Camera1,2024-11-11 07:31:25.922,,1134.970,Media file(s),player #1:C:/Users/gogue/Desktop/Dog_Coding/Hugo/20220802_ImpossibleTask_Hugo_Camera1.MOV,0.0,1365.140,29.970,,interacting with tupperware,,,STOP,1152.252,C:/Users/gogue/Desktop/Dog_Coding/Hugo/20220802_ImpossibleTask_Hugo_Camera1.MOV,34537,NA,
20220802_ImpossibleTask_Hugo_Camera1,2024-11-11 07:31:25.922,,1134.970,Media file(s),player #1:C:/Users/gogue/Desktop/Dog_Coding/Hugo/20220802_ImpossibleTask_Hugo_Camera1.MOV,0.0,1365.140,29.970,,interacting with tupperware,,,START,1152.518,C:/Users/gogue/Desktop/Dog_Coding/Hugo/20220802_ImpossibleTask_Hugo_Camera1.MOV,34545,NA,
20220802_ImpossibleTask_Hugo_Camera1,2024-11-11 07:31:25.922,,1134.970,Media file(s),player #1:C:/Users/gogue/Desktop/Dog_Coding/Hugo/20220802_ImpossibleTask_Hugo_Camera1.MOV,0.0,1365.140,29.970,,interacting with tupperware,,,STOP,1155.722,C:/Users/gogue/Desktop/Dog_Coding/Hugo/20220802_ImpossibleTask_Hugo_Camera1.MOV,34641,NA,
20220802_ImpossibleTask_Hugo_Camera1,2024-11-11 07:31:25.922,,1134.970,Media file(s),player #1:C:/Users/gogue/Desktop/Dog_Coding/Hugo/20220802_ImpossibleTask_Hugo_Camera1.MOV,0.0,1365.140,29.970,,interacting with tupperware,,,START,1156.022,C:/Users/gogue/Desktop/Dog_Coding/Hugo/20220802_ImpossibleTask_Hugo_Camera1.MOV,34650,NA,
20220802_ImpossibleTask_Hugo_Camera1,2024-11-11 07:31:25.922,,1134.970,Media file(s),player #1:C:/Users/gogue/Desktop/Dog_Coding/Hugo/20220802_ImpossibleTask_Hugo_Camera1.MOV,0.0,1365.140,29.970,,interacting with tupperware,,,STOP,1157.123,C:/Users/gogue/Desktop/Dog_Coding/Hugo/20220802_ImpossibleTask_Hugo_Camera1.MOV,34683,NA,
20220802_ImpossibleTask_Hugo_Camera1,2024-11-11 07:31:25.922,,1134.970,Media file(s),player #1:C:/Users/gogue/Desktop/Dog_Coding/Hugo/20220802_ImpossibleTask_Hugo_Camera1.MOV,0.0,1365.140,29.970,,interacting with tupperware,,,START,1159.092,C:/Users/gogue/Desktop/Dog_Coding/Hugo/20220802_ImpossibleTask_Hugo_Camera1.MOV,34742,NA,
20220802_ImpossibleTask_Hugo_Camera1,2024-11-11 07:31:25.922,,1134.970,Media file(s),player #1:C:/Users/gogue/Desktop/Dog_Coding/Hugo/20220802_ImpossibleTask_Hugo_Camera1.MOV,0.0,1365.140,29.970,,interacting with tupperware,,,STOP,1160.627,C:/Users/gogue/Desktop/Dog_Coding/Hugo/20220802_ImpossibleTask_Hugo_Camera1.MOV,34788,NA,
20220802_ImpossibleTask_Hugo_Camera1,2024-11-11 07:31:25.922,,1134.970,Media file(s),player #1:C:/Users/gogue/Desktop/Dog_Coding/Hugo/20220802_ImpossibleTask_Hugo_Camera1.MOV,0.0,1365.140,29.970,,interacting with tupperware,,,START,1161.293,C:/Users/gogue/Desktop/Dog_Coding/Hugo/20220802_ImpossibleTask_Hugo_Camera1.MOV,34808,NA,
20220802_ImpossibleTask_Hugo_Camera1,2024-11-11 07:31:25.922,,1134.970,Media file(s),player #1:C:/Users/gogue/Desktop/Dog_Coding/Hugo/20220802_ImpossibleTask_Hugo_Camera1.MOV,0.0,1365.140,29.970,,interacting with tupperware,,,STOP,1161.727,C:/Users/gogue/Desktop/Dog_Coding/Hugo/20220802_ImpossibleTask_Hugo_Camera1.MOV,34821,NA,
20220802_ImpossibleTask_Hugo_Camera1,2024-11-11 07:31:25.922,,1134.970,Media file(s),player #1:C:/Users/gogue/Desktop/Dog_Coding/Hugo/20220802_ImpossibleTask_Hugo_Camera1.MOV,0.0,1365.140,29.970,,interacting with tupperware,,,START,1161.827,C:/Users/gogue/Desktop/Dog_Coding/Hugo/20220802_ImpossibleTask_Hugo_Camera1.MOV,34824,NA,
20220802_ImpossibleTask_Hugo_Camera1,2024-11-11 07:31:25.922,,1134.970,Media file(s),player #1:C:/Users/gogue/Desktop/Dog_Coding/Hugo/20220802_ImpossibleTask_Hugo_Camera1.MOV,0.0,1365.140,29.970,,interacting with tupperware,,,STOP,1162.260,C:/Users/gogue/Desktop/Dog_Coding/Hugo/20220802_ImpossibleTask_Hugo_Camera1.MOV,34837,NA,
20220802_ImpossibleTask_Hugo_Camera1,2024-11-11 07:31:25.922,,1134.970,Media file(s),player #1:C:/Users/gogue/Desktop/Dog_Coding/Hugo/20220802_ImpossibleTask_Hugo_Camera1.MOV,0.0,1365.140,29.970,,interacting with tupperware,,,START,1162.628,C:/Users/gogue/Desktop/Dog_Coding/Hugo/20220802_ImpossibleTask_Hugo_Camera1.MOV,34848,NA,
20220802_ImpossibleTask_Hugo_Camera1,2024-11-11 07:31:25.922,,1134.970,Media file(s),player #1:C:/Users/gogue/Desktop/Dog_Coding/Hugo/20220802_ImpossibleTask_Hugo_Camera1.MOV,0.0,1365.140,29.970,,interacting with tupperware,,,STOP,1163.595,C:/Users/gogue/Desktop/Dog_Coding/Hugo/20220802_ImpossibleTask_Hugo_Camera1.MOV,34877,NA,
20220802_ImpossibleTask_Hugo_Camera1,2024-11-11 07:31:25.922,,1134.970,Media file(s),player #1:C:/Users/gogue/Desktop/Dog_Coding/Hugo/20220802_ImpossibleTask_Hugo_Camera1.MOV,0.0,1365.140,29.970,,interacting with tupperware,,,START,1163.928,C:/Users/gogue/Desktop/Dog_Coding/Hugo/20220802_ImpossibleTask_Hugo_Camera1.MOV,34887,NA,
20220802_ImpossibleTask_Hugo_Camera1,2024-11-11 07:31:25.922,,1134.970,Media file(s),player #1:C:/Users/gogue/Desktop/Dog_Coding/Hugo/20220802_ImpossibleTask_Hugo_Camera1.MOV,0.0,1365.140,29.970,,interacting with tupperware,,,STOP,1166.632,C:/Users/gogue/Desktop/Dog_Coding/Hugo/20220802_ImpossibleTask_Hugo_Camera1.MOV,34968,NA,
20220802_ImpossibleTask_Hugo_Camera1,2024-11-11 07:31:25.922,,1134.970,Media file(s),player #1:C:/Users/gogue/Desktop/Dog_Coding/Hugo/20220802_ImpossibleTask_Hugo_Camera1.MOV,0.0,1365.140,29.970,,interacting with tupperware,,,START,1168.133,C:/Users/gogue/Desktop/Dog_Coding/Hugo/20220802_ImpossibleTask_Hugo_Camera1.MOV,35013,NA,
20220802_ImpossibleTask_Hugo_Camera1,2024-11-11 07:31:25.922,,1134.970,Media file(s),player #1:C:/Users/gogue/Desktop/Dog_Coding/Hugo/20220802_ImpossibleTask_Hugo_Camera1.MOV,0.0,1365.140,29.970,,interacting with tupperware,,,STOP,1168.500,C:/Users/gogue/Desktop/Dog_Coding/Hugo/20220802_ImpossibleTask_Hugo_Camera1.MOV,35024,NA,
20220802_ImpossibleTask_Hugo_Camera1,2024-11-11 07:31:25.922,,1134.970,Media file(s),player #1:C:/Users/gogue/Desktop/Dog_Coding/Hugo/20220802_ImpossibleTask_Hugo_Camera1.MOV,0.0,1365.140,29.970,,interacting with tupperware,,,START,1168.933,C:/Users/gogue/Desktop/Dog_Coding/Hugo/20220802_ImpossibleTask_Hugo_Camera1.MOV,35037,NA,
20220802_ImpossibleTask_Hugo_Camera1,2024-11-11 07:31:25.922,,1134.970,Media file(s),player #1:C:/Users/gogue/Desktop/Dog_Coding/Hugo/20220802_ImpossibleTask_Hugo_Camera1.MOV,0.0,1365.140,29.970,,interacting with tupperware,,,STOP,1170.302,C:/Users/gogue/Desktop/Dog_Coding/Hugo/20220802_ImpossibleTask_Hugo_Camera1.MOV,35078,NA,
20220802_ImpossibleTask_Hugo_Camera1,2024-11-11 07:31:25.922,,1134.970,Media file(s),player #1:C:/Users/gogue/Desktop/Dog_Coding/Hugo/20220802_ImpossibleTask_Hugo_Camera1.MOV,0.0,1365.140,29.970,,interacting with tupperware,,,START,1170.435,C:/Users/gogue/Desktop/Dog_Coding/Hugo/20220802_ImpossibleTask_Hugo_Camera1.MOV,35082,NA,
20220802_ImpossibleTask_Hugo_Camera1,2024-11-11 07:31:25.922,,1134.970,Media file(s),player #1:C:/Users/gogue/Desktop/Dog_Coding/Hugo/20220802_ImpossibleTask_Hugo_Camera1.MOV,0.0,1365.140,29.970,,interacting with tupperware,,,STOP,1171.168,C:/Users/gogue/Desktop/Dog_Coding/Hugo/20220802_ImpossibleTask_Hugo_Camera1.MOV,35104,NA,
20220802_ImpossibleTask_Hugo_Camera1,2024-11-11 07:31:25.922,,1134.970,Media file(s),player #1:C:/Users/gogue/Desktop/Dog_Coding/Hugo/20220802_ImpossibleTask_Hugo_Camera1.MOV,0.0,1365.140,29.970,,interacting with tupperware,,,START,1171.335,C:/Users/gogue/Desktop/Dog_Coding/Hugo/20220802_ImpossibleTask_Hugo_Camera1.MOV,35109,NA,
20220802_ImpossibleTask_Hugo_Camera1,2024-11-11 07:31:25.922,,1134.970,Media file(s),player #1:C:/Users/gogue/Desktop/Dog_Coding/Hugo/20220802_ImpossibleTask_Hugo_Camera1.MOV,0.0,1365.140,29.970,,interacting with tupperware,,,STOP,1171.903,C:/Users/gogue/Desktop/Dog_Coding/Hugo/20220802_ImpossibleTask_Hugo_Camera1.MOV,35126,NA,
20220802_ImpossibleTask_Hugo_Camera1,2024-11-11 07:31:25.922,,1134.970,Media file(s),player #1:C:/Users/gogue/Desktop/Dog_Coding/Hugo/20220802_ImpossibleTask_Hugo_Camera1.MOV,0.0,1365.140,29.970,,interacting with tupperware,,,START,1172.237,C:/Users/gogue/Desktop/Dog_Coding/Hugo/20220802_ImpossibleTask_Hugo_Camera1.MOV,35136,NA,
20220802_ImpossibleTask_Hugo_Camera1,2024-11-11 07:31:25.922,,1134.970,Media file(s),player #1:C:/Users/gogue/Desktop/Dog_Coding/Hugo/20220802_ImpossibleTask_Hugo_Camera1.MOV,0.0,1365.140,29.970,,interacting with tupperware,,,STOP,1172.670,C:/Users/gogue/Desktop/Dog_Coding/Hugo/20220802_ImpossibleTask_Hugo_Camera1.MOV,35149,NA,
20220802_ImpossibleTask_Hugo_Camera1,2024-11-11 07:31:25.922,,1134.970,Media file(s),player #1:C:/Users/gogue/Desktop/Dog_Coding/Hugo/20220802_ImpossibleTask_Hugo_Camera1.MOV,0.0,1365.140,29.970,,interacting with tupperware,,,START,1174.805,C:/Users/gogue/Desktop/Dog_Coding/Hugo/20220802_ImpossibleTask_Hugo_Camera1.MOV,35213,NA,
20220802_ImpossibleTask_Hugo_Camera1,2024-11-11 07:31:25.922,,1134.970,Media file(s),player #1:C:/Users/gogue/Desktop/Dog_Coding/Hugo/20220802_ImpossibleTask_Hugo_Camera1.MOV,0.0,1365.140,29.970,,interacting with tupperware,,,STOP,1175.305,C:/Users/gogue/Desktop/Dog_Coding/Hugo/20220802_ImpossibleTask_Hugo_Camera1.MOV,35228,NA,
20220802_ImpossibleTask_Hugo_Camera1,2024-11-11 07:31:25.922,,1134.970,Media file(s),player #1:C:/Users/gogue/Desktop/Dog_Coding/Hugo/20220802_ImpossibleTask_Hugo_Camera1.MOV,0.0,1365.140,29.970,,interacting with tupperware,,,START,1175.438,C:/Users/gogue/Desktop/Dog_Coding/Hugo/20220802_ImpossibleTask_Hugo_Camera1.MOV,35232,NA,
20220802_ImpossibleTask_Hugo_Camera1,2024-11-11 07:31:25.922,,1134.970,Media file(s),player #1:C:/Users/gogue/Desktop/Dog_Coding/Hugo/20220802_ImpossibleTask_Hugo_Camera1.MOV,0.0,1365.140,29.970,,interacting with tupperware,,,STOP,1175.773,C:/Users/gogue/Desktop/Dog_Coding/Hugo/20220802_ImpossibleTask_Hugo_Camera1.MOV,35242,NA,
20220802_ImpossibleTask_Hugo_Camera1,2024-11-11 07:31:25.922,,1134.970,Media file(s),player #1:C:/Users/gogue/Desktop/Dog_Coding/Hugo/20220802_ImpossibleTask_Hugo_Camera1.MOV,0.0,1365.140,29.970,,interacting with tupperware,,,START,1177.273,C:/Users/gogue/Desktop/Dog_Coding/Hugo/20220802_ImpossibleTask_Hugo_Camera1.MOV,35287,NA,
20220802_ImpossibleTask_Hugo_Camera1,2024-11-11 07:31:25.922,,1134.970,Media file(s),player #1:C:/Users/gogue/Desktop/Dog_Coding/Hugo/20220802_ImpossibleTask_Hugo_Camera1.MOV,0.0,1365.140,29.970,,interacting with tupperware,,,STOP,1177.775,C:/Users/gogue/Desktop/Dog_Coding/Hugo/20220802_ImpossibleTask_Hugo_Camera1.MOV,35302,NA,
20220802_ImpossibleTask_Hugo_Camera1,2024-11-11 07:31:25.922,,1134.970,Media file(s),player #1:C:/Users/gogue/Desktop/Dog_Coding/Hugo/20220802_ImpossibleTask_Hugo_Camera1.MOV,0.0,1365.140,29.970,,interacting with tupperware,,,START,1178.808,C:/Users/gogue/Desktop/Dog_Coding/Hugo/20220802_ImpossibleTask_Hugo_Camera1.MOV,35333,NA,
20220802_ImpossibleTask_Hugo_Camera1,2024-11-11 07:31:25.922,,1134.970,Media file(s),player #1:C:/Users/gogue/Desktop/Dog_Coding/Hugo/20220802_ImpossibleTask_Hugo_Camera1.MOV,0.0,1365.140,29.970,,interacting with tupperware,,,STOP,1179.242,C:/Users/gogue/Desktop/Dog_Coding/Hugo/20220802_ImpossibleTask_Hugo_Camera1.MOV,35346,NA,
20220802_ImpossibleTask_Hugo_Camera1,2024-11-11 07:31:25.922,,1134.970,Media file(s),player #1:C:/Users/gogue/Desktop/Dog_Coding/Hugo/20220802_ImpossibleTask_Hugo_Camera1.MOV,0.0,1365.140,29.970,,End,,T5,POINT,1180.510,C:/Users/gogue/Desktop/Dog_Coding/Hugo/20220802_ImpossibleTask_Hugo_Camera1.MOV,35384,NA,
