"","Observation id","Behavior","Behavior type","Start (s)","Stop (s)","coder"
"1","Dewey","interacting with tupperware","STATE",50.137,52.17,"Chaewon"
"2","Dewey","interacting with tupperware","STATE",55.037,55.57,"Chaewon"
"3","Dewey","looking at owner","POINT",57.17,57.17,"Chaewon"
"4","Dewey","looking at owner","POINT",78.237,78.237,"Chaewon"
"5","Dewey","looking at owner","POINT",82.438,82.438,"Chaewon"
"6","Dewey","looking at the tupperware","POINT",82.638,82.638,"Chaewon"
"7","Dewey","looking at owner","POINT",84.638,84.638,"Chaewon"
"8","Dewey","looking at owner","POINT",87.038,87.038,"Chaewon"
"9","Dewey","bark/whine vocalization","POINT",97.438,97.438,"Chaewon"
"10","Dewey","nudging/scratching/paw owner","POINT",112.973,112.973,"Chaewon"
"11","Dewey","looking at owner","POINT",114.007,114.007,"Chaewon"
"12","Dewey","looking at owner","POINT",129.74,129.74,"Chaewon"
"13","Dewey","looking at owner","POINT",135.107,135.107,"Chaewon"
"14","Dewey","looking at owner","POINT",147.008,147.008,"Chaewon"
"15","Dewey","bark/whine vocalization","POINT",170.442,170.442,"Chaewon"
"16","Dewey","looking at owner","POINT",178.11,178.11,"Chaewon"
"17","Dewey","bark/whine vocalization","POINT",180.277,180.277,"Chaewon"
"18","Dewey","bark/whine vocalization","POINT",188.043,188.043,"Chaewon"
"19","Dewey","bark/whine vocalization","POINT",192.177,192.177,"Chaewon"
"20","Dewey","looking at owner","POINT",199.31,199.31,"Chaewon"
"21","Dewey","bark/whine vocalization","POINT",203.41,203.41,"Chaewon"
"22","Dewey","bark/whine vocalization","POINT",212.712,212.712,"Chaewon"
"23","Dewey","bark/whine vocalization","POINT",302.083,302.083,"Chaewon"
"24","Dewey","interacting with tupperware","STATE",311.117,314.983,"Chaewon"
"25","Dewey","looking at owner","POINT",320.583,320.583,"Chaewon"
"26","Dewey","bark/whine vocalization","POINT",327.75,327.75,"Chaewon"
"27","Dewey","bark/whine vocalization","POINT",329.517,329.517,"Chaewon"
"28","Dewey","bark/whine vocalization","POINT",332.818,332.818,"Chaewon"
"29","Dewey","bark/whine vocalization","POINT",342.618,342.618,"Chaewon"
"30","Dewey","bark/whine vocalization","POINT",358.152,358.152,"Chaewon"
"31","Dewey","bark/whine vocalization","POINT",374.487,374.487,"Chaewon"
"32","Dewey","looking at owner","POINT",378.187,378.187,"Chaewon"
"33","Dewey","bark/whine vocalization","POINT",379.387,379.387,"Chaewon"
"34","Dewey","looking at owner","POINT",385.02,385.02,"Chaewon"
"35","Dewey","bark/whine vocalization","POINT",388.887,388.887,"Chaewon"
"36","Dewey","bark/whine vocalization","POINT",399.455,399.455,"Chaewon"
"37","Dewey","bark/whine vocalization","POINT",403.422,403.422,"Chaewon"
"38","Dewey","bark/whine vocalization","POINT",406.488,406.488,"Chaewon"
"39","Dewey","bark/whine vocalization","POINT",409.022,409.022,"Chaewon"
"40","Dewey","bark/whine vocalization","POINT",416.622,416.622,"Chaewon"
"41","Dewey","bark/whine vocalization","POINT",417.188,417.188,"Chaewon"
"42","Dewey","bark/whine vocalization","POINT",419.855,419.855,"Chaewon"
"43","Dewey","bark/whine vocalization","POINT",422.188,422.188,"Chaewon"
"44","Dewey","bark/whine vocalization","POINT",422.555,422.555,"Chaewon"
"45","Dewey","bark/whine vocalization","POINT",433.59,433.59,"Chaewon"
"46","Dewey","looking at owner","POINT",435.523,435.523,"Chaewon"
"47","Dewey","looking at owner","POINT",441.39,441.39,"Chaewon"
"48","Dewey","bark/whine vocalization","POINT",444.79,444.79,"Chaewon"
"49","Dewey","bark/whine vocalization","POINT",448.257,448.257,"Chaewon"
"50","Dewey","bark/whine vocalization","POINT",448.657,448.657,"Chaewon"
"51","Dewey","bark/whine vocalization","POINT",451.257,451.257,"Chaewon"
"52","Dewey","bark/whine vocalization","POINT",456.657,456.657,"Chaewon"
"53","Dewey","interacting with tupperware","STATE",510.96,514.46,"Chaewon"
"54","Dewey","looking at owner","POINT",517.06,517.06,"Chaewon"
"55","Dewey","interacting with tupperware","STATE",523.195,527.595,"Chaewon"
"56","Dewey","bark/whine vocalization","POINT",524.162,524.162,"Chaewon"
"57","Dewey","interacting with tupperware","STATE",530.362,532.462,"Chaewon"
"58","Dewey","bark/whine vocalization","POINT",532.462,532.462,"Chaewon"
"59","Dewey","looking at owner","POINT",534.762,534.762,"Chaewon"
"60","Dewey","bark/whine vocalization","POINT",535.362,535.362,"Chaewon"
"61","Dewey","bark/whine vocalization","POINT",542.762,542.762,"Chaewon"
"62","Dewey","looking at owner","POINT",543.095,543.095,"Chaewon"
"63","Dewey","looking at owner","POINT",544.395,544.395,"Chaewon"
"64","Dewey","nudging/scratching/paw owner","POINT",551.628,551.628,"Chaewon"
"65","Dewey","bark/whine vocalization","POINT",554.197,554.197,"Chaewon"
"66","Dewey","bark/whine vocalization","POINT",556.397,556.397,"Chaewon"
"67","Dewey","bark/whine vocalization","POINT",562.397,562.397,"Chaewon"
"68","Dewey","looking at owner","POINT",567.463,567.463,"Chaewon"
"69","Dewey","looking at owner","POINT",570.73,570.73,"Chaewon"
"70","Dewey","bark/whine vocalization","POINT",575.097,575.097,"Chaewon"
"71","Dewey","looking at owner","POINT",582.63,582.63,"Chaewon"
"72","Dewey","bark/whine vocalization","POINT",584.23,584.23,"Chaewon"
"73","Dewey","looking at owner","POINT",591.632,591.632,"Chaewon"
"74","Dewey","bark/whine vocalization","POINT",593.598,593.598,"Chaewon"
"75","Dewey","bark/whine vocalization","POINT",595.498,595.498,"Chaewon"
"76","Dewey","bark/whine vocalization","POINT",596.832,596.832,"Chaewon"
"77","Dewey","bark/whine vocalization","POINT",602.798,602.798,"Chaewon"
"78","Dewey","bark/whine vocalization","POINT",605.632,605.632,"Chaewon"
"79","Dewey","bark/whine vocalization","POINT",609.032,609.032,"Chaewon"
"80","Dewey","bark/whine vocalization","POINT",611.998,611.998,"Chaewon"
"81","Dewey","bark/whine vocalization","POINT",627.3,627.3,"Chaewon"
"82","Dewey","bark/whine vocalization","POINT",629.7,629.7,"Chaewon"
"83","Dewey","bark/whine vocalization","POINT",631.4,631.4,"Chaewon"
"84","Dewey","bark/whine vocalization","POINT",633.633,633.633,"Chaewon"
"85","Dewey","bark/whine vocalization","POINT",654.902,654.902,"Chaewon"
"86","Dewey","bark/whine vocalization","POINT",659.502,659.502,"Chaewon"
"87","Dewey","bark/whine vocalization","POINT",661.768,661.768,"Chaewon"
"88","Dewey","bark/whine vocalization","POINT",663.635,663.635,"Chaewon"
"89","Dewey","looking at owner","POINT",669.735,669.735,"Chaewon"
"90","Dewey","bark/whine vocalization","POINT",670.568,670.568,"Chaewon"
"91","Dewey","looking at owner","POINT",672.468,672.468,"Chaewon"
"92","Dewey","bark/whine vocalization","POINT",674.002,674.002,"Chaewon"
"93","Dewey","bark/whine vocalization","POINT",684.237,684.237,"Chaewon"
"94","Dewey","interacting with tupperware","STATE",728.638,731.938,"Chaewon"
"95","Dewey","looking at owner","POINT",734.972,734.972,"Chaewon"
"96","Dewey","bark/whine vocalization","POINT",737.938,737.938,"Chaewon"
"97","Dewey","positioning in front of owner","POINT",741.638,741.638,"Chaewon"
"98","Dewey","looking at owner","POINT",746.907,746.907,"Chaewon"
"99","Dewey","looking at owner","POINT",748.407,748.407,"Chaewon"
"100","Dewey","bark/whine vocalization","POINT",750.74,750.74,"Chaewon"
"101","Dewey","looking at owner","POINT",753.973,753.973,"Chaewon"
"102","Dewey","bark/whine vocalization","POINT",755.073,755.073,"Chaewon"
"103","Dewey","bark/whine vocalization","POINT",755.707,755.707,"Chaewon"
"104","Dewey","bark/whine vocalization","POINT",757.973,757.973,"Chaewon"
"105","Dewey","bark/whine vocalization","POINT",759.707,759.707,"Chaewon"
"106","Dewey","bark/whine vocalization","POINT",762.04,762.04,"Chaewon"
"107","Dewey","bark/whine vocalization","POINT",764.04,764.04,"Chaewon"
"108","Dewey","bark/whine vocalization","POINT",768.773,768.773,"Chaewon"
"109","Dewey","bark/whine vocalization","POINT",771.273,771.273,"Chaewon"
"110","Dewey","bark/whine vocalization","POINT",773.14,773.14,"Chaewon"
"111","Dewey","bark/whine vocalization","POINT",775.308,775.308,"Chaewon"
"112","Dewey","bark/whine vocalization","POINT",785.575,785.575,"Chaewon"
"113","Dewey","bark/whine vocalization","POINT",787.108,787.108,"Chaewon"
"114","Dewey","bark/whine vocalization","POINT",789.042,789.042,"Chaewon"
"115","Dewey","bark/whine vocalization","POINT",790.375,790.375,"Chaewon"
"116","Dewey","bark/whine vocalization","POINT",791.342,791.342,"Chaewon"
"117","Dewey","looking at owner","POINT",793.608,793.608,"Chaewon"
"118","Dewey","looking at owner","POINT",799.175,799.175,"Chaewon"
"119","Dewey","bark/whine vocalization","POINT",818.71,818.71,"Chaewon"
"120","Dewey","looking at owner","POINT",825.777,825.777,"Chaewon"
"121","Dewey","bark/whine vocalization","POINT",826.477,826.477,"Chaewon"
"122","Dewey","bark/whine vocalization","POINT",830.243,830.243,"Chaewon"
"123","Dewey","looking at owner","POINT",832.677,832.677,"Chaewon"
"124","Dewey","bark/whine vocalization","POINT",834.977,834.977,"Chaewon"
"125","Dewey","bark/whine vocalization","POINT",837.91,837.91,"Chaewon"
"126","Dewey","looking at owner","POINT",840.045,840.045,"Chaewon"
"127","Dewey","bark/whine vocalization","POINT",840.045,840.045,"Chaewon"
"128","Dewey","interacting with tupperware","STATE",953.717,963.683,"Chaewon"
"129","Dewey","looking at owner","POINT",964.852,964.852,"Chaewon"
"130","Dewey","positioning in front of owner","POINT",967.185,967.185,"Chaewon"
"131","Dewey","nudging/scratching/paw owner","POINT",974.018,974.018,"Chaewon"
"132","Dewey","nudging/scratching/paw owner","POINT",974.952,974.952,"Chaewon"
"133","Dewey","nudging/scratching/paw owner","POINT",977.285,977.285,"Chaewon"
"134","Dewey","looking at owner","POINT",984.852,984.852,"Chaewon"
"135","Dewey","looking at owner","POINT",986.718,986.718,"Chaewon"
"136","Dewey","bark/whine vocalization","POINT",1010.553,1010.553,"Chaewon"
"137","Dewey","looking at owner","POINT",1033.088,1033.088,"Chaewon"
"138","Dewey","looking at owner","POINT",1035.622,1035.622,"Chaewon"
"139","Dewey","looking at owner","POINT",1048.488,1048.488,"Chaewon"
"140","Dewey","looking at owner","POINT",1056.922,1056.922,"Chaewon"
"141","Dewey","bark/whine vocalization","POINT",1064.39,1064.39,"Chaewon"
"142","Dewey","alternating gaze","POINT",774.44,774.44,"Chaewon"
"143","Dewey","alternating gaze","POINT",1059.723,1059.723,"Chaewon"
"144","Dewey","alternating gaze","POINT",779.042,779.042,"Chaewon"
"145","Dewey","alternating gaze","POINT",1074.09,1074.09,"Chaewon"
"146","Poppy","looking at owner","POINT",46.847,46.847,"Chaewon"
"147","Poppy","looking at owner","POINT",116.9,116.9,"Chaewon"
"148","Poppy","looking at owner","POINT",162.145,162.145,"Chaewon"
"149","Poppy","interacting with tupperware","STATE",280.514,281.316,"Chaewon"
"150","Poppy","interacting with tupperware","STATE",283.62,285.857,"Chaewon"
"151","Poppy","interacting with tupperware","STATE",287.36,292.502,"Chaewon"
"152","Poppy","looking at owner","POINT",293.337,293.337,"Chaewon"
"153","Poppy","interacting with tupperware","STATE",303.855,313.004,"Chaewon"
"154","Poppy","looking at owner","POINT",319.114,319.114,"Chaewon"
"155","Poppy","interacting with tupperware","STATE",322.219,330.267,"Chaewon"
"156","Poppy","interacting with tupperware","STATE",346.061,349.032,"Chaewon"
"157","Poppy","interacting with tupperware","STATE",396.581,400.02,"Chaewon"
"158","Poppy","looking at owner","POINT",401.389,401.389,"Chaewon"
"159","Poppy","interacting with tupperware","STATE",514.784,517.321,"Chaewon"
"160","Poppy","interacting with tupperware","STATE",522.797,535.886,"Chaewon"
"161","Poppy","looking at owner","POINT",536.454,536.454,"Chaewon"
"162","Poppy","interacting with tupperware","STATE",539.226,541.663,"Chaewon"
"163","Poppy","interacting with tupperware","STATE",543.466,548.842,"Chaewon"
"164","Poppy","interacting with tupperware","STATE",554.752,561.063,"Chaewon"
"165","Poppy","interacting with tupperware","STATE",565.103,571.281,"Chaewon"
"166","Poppy","looking at owner","POINT",575.555,575.555,"Chaewon"
"167","Poppy","looking at owner","POINT",586.907,586.907,"Chaewon"
"168","Poppy","interacting with tupperware","STATE",625.774,638.129,"Chaewon"
"169","Poppy","interacting with tupperware","STATE",641.168,643.071,"Chaewon"
"170","Poppy","looking at owner","POINT",644.674,644.674,"Chaewon"
"171","Poppy","looking at owner","POINT",677.463,677.463,"Chaewon"
"172","Poppy","interacting with tupperware","STATE",761.641,762.71,"Chaewon"
"173","Poppy","looking at owner","POINT",763.678,763.678,"Chaewon"
"174","Poppy","interacting with tupperware","STATE",767.418,770.99,"Chaewon"
"175","Poppy","interacting with tupperware","STATE",772.159,775.698,"Chaewon"
"176","Poppy","interacting with tupperware","STATE",777.168,781.141,"Chaewon"
"177","Poppy","looking at owner","POINT",819.073,819.073,"Chaewon"
"178","Poppy","interacting with tupperware","STATE",821.31,831.06,"Chaewon"
"179","Poppy","interacting with tupperware","STATE",832.396,833.398,"Chaewon"
"180","Poppy","looking at owner","POINT",842.212,842.212,"Chaewon"
"181","Poppy","interacting with tupperware","STATE",1010.702,1015.577,"Chaewon"
"182","Poppy","looking at owner","POINT",1016.211,1016.211,"Chaewon"
"183","Poppy","interacting with tupperware","STATE",1021.353,1024.459,"Chaewon"
"184","Poppy","interacting with tupperware","STATE",1027.264,1029.868,"Chaewon"
"185","Poppy","looking at owner","POINT",1030.77,1030.77,"Chaewon"
"186","Poppy","interacting with tupperware","STATE",1034.71,1037.08,"Chaewon"
"187","Poppy","interacting with tupperware","STATE",1042.657,1042.991,"Chaewon"
"188","Poppy","interacting with tupperware","STATE",1044.961,1049.135,"Chaewon"
"189","Poppy","looking at owner","POINT",1051.071,1051.071,"Chaewon"
"190","Poppy","looking at owner","POINT",1072.675,1072.675,"Chaewon"
"191","Poppy","looking at owner","POINT",1077.417,1077.417,"Chaewon"
"192","Poppy","looking at owner","POINT",1079.988,1079.988,"Chaewon"
"193","Poppy","looking at owner","POINT",1098.52,1098.52,"Chaewon"
"194","Poppy","looking at owner","POINT",1110.974,1110.974,"Chaewon"
"195","Poppy","looking at owner","POINT",1127.736,1127.736,"Chaewon"
"196","Poppy","looking at owner","POINT",1148.772,1148.772,"Chaewon"
"197","Poppy","looking at owner","POINT",1180.26,1180.26,"Chaewon"
"198","Poppy","interacting with tupperware","STATE",1269.313,1272.251,"Chaewon"
"199","Poppy","interacting with tupperware","STATE",1273.52,1275.19,"Chaewon"
"200","Poppy","interacting with tupperware","STATE",1276.625,1279.931,"Chaewon"
"201","Poppy","interacting with tupperware","STATE",1281.1,1283.571,"Chaewon"
"202","Poppy","interacting with tupperware","STATE",1284.606,1287.21,"Chaewon"
"203","Poppy","interacting with tupperware","STATE",1288.646,1290.616,"Chaewon"
"204","Poppy","interacting with tupperware","STATE",1295.391,1296.393,"Chaewon"
"205","Poppy","interacting with tupperware","STATE",1297.595,1302.436,"Chaewon"
"206","Poppy","interacting with tupperware","STATE",1303.238,1306.31,"Chaewon"
"207","Poppy","interacting with tupperware","STATE",1306.644,1315.926,"Chaewon"
"208","Poppy","looking at owner","POINT",1316.327,1316.327,"Chaewon"
"209","Poppy","interacting with tupperware","STATE",1321.235,1325.643,"Chaewon"
"210","Poppy","interacting with tupperware","STATE",1328.815,1329.516,"Chaewon"
"211","Poppy","looking at owner","POINT",1331.954,1331.954,"Chaewon"
"212","Poppy","looking at owner","POINT",1333.89,1333.89,"Chaewon"
"213","Poppy","looking at owner","POINT",1386.013,1386.013,"Chaewon"
"214","Poppy","interacting with tupperware","STATE",1431.057,1432.46,"Chaewon"
"215","Poppy","interacting with tupperware","STATE",1433.829,1441.409,"Chaewon"
"216","Poppy","interacting with tupperware","STATE",1444.314,1445.749,"Chaewon"
"217","Mokai","interacting with tupperware","STATE",25.47,25.87,"Chaewon"
"218","Mokai","looking at owner","POINT",26.27,26.27,"Chaewon"
"219","Mokai","interacting with tupperware","STATE",27.803,27.937,"Chaewon"
"220","Mokai","looking at owner","POINT",28.905,28.905,"Chaewon"
"221","Mokai","looking at owner","POINT",29.938,29.938,"Chaewon"
"222","Mokai","positioning in front of owner","POINT",34.372,34.372,"Chaewon"
"223","Mokai","looking at owner","POINT",36.272,36.272,"Chaewon"
"224","Mokai","interacting with tupperware","STATE",47.073,47.573,"Chaewon"
"225","Mokai","interacting with tupperware","STATE",47.94,48.24,"Chaewon"
"226","Mokai","looking at owner","POINT",56.808,56.808,"Chaewon"
"227","Mokai","looking at owner","POINT",61.575,61.575,"Chaewon"
"228","Mokai","bark/whine vocalization","POINT",62.777,62.777,"Chaewon"
"229","Mokai","bark/whine vocalization","POINT",71.01,71.01,"Chaewon"
"230","Mokai","bark/whine vocalization","POINT",71.51,71.51,"Chaewon"
"231","Mokai","looking at owner","POINT",115.017,115.017,"Chaewon"
"232","Mokai","looking at owner","POINT",116.017,116.017,"Chaewon"
"233","Mokai","interacting with tupperware","STATE",271.607,273.64,"Chaewon"
"234","Mokai","looking at owner","POINT",274.373,274.373,"Chaewon"
"235","Mokai","positioning in front of owner","POINT",276.107,276.107,"Chaewon"
"236","Mokai","looking at owner","POINT",277.873,277.873,"Chaewon"
"237","Mokai","positioning in front of owner","POINT",280.342,280.342,"Chaewon"
"238","Mokai","looking at owner","POINT",286.542,286.542,"Chaewon"
"239","Mokai","looking at owner","POINT",287.642,287.642,"Chaewon"
"240","Mokai","looking at owner","POINT",290.61,290.61,"Chaewon"
"241","Mokai","bark/whine vocalization","POINT",290.643,290.643,"Chaewon"
"242","Mokai","bark/whine vocalization","POINT",291.277,291.277,"Chaewon"
"243","Mokai","looking at owner","POINT",377.055,377.055,"Chaewon"
"244","Mokai","looking at owner","POINT",382.123,382.123,"Chaewon"
"245","Mokai","bark/whine vocalization","POINT",412.393,412.393,"Chaewon"
"246","Mokai","bark/whine vocalization","POINT",413.96,413.96,"Chaewon"
"247","Mokai","looking at owner","POINT",449.4,449.4,"Chaewon"
"248","Mokai","interacting with tupperware","STATE",509.542,510.642,"Chaewon"
"249","Mokai","interacting with tupperware","STATE",512.275,514.542,"Chaewon"
"250","Mokai","positioning in front of owner","POINT",518.677,518.677,"Chaewon"
"251","Mokai","looking at owner","POINT",521.81,521.81,"Chaewon"
"252","Mokai","interacting with tupperware","STATE",527.143,528.845,"Chaewon"
"253","Mokai","interacting with tupperware","STATE",529.478,531.312,"Chaewon"
"254","Mokai","bark/whine vocalization","POINT",546.48,546.48,"Chaewon"
"255","Mokai","bark/whine vocalization","POINT",599.755,599.755,"Chaewon"
"256","Mokai","looking at owner","POINT",666.832,666.832,"Chaewon"
"257","Mokai","looking at owner","POINT",677.067,677.067,"Chaewon"
"258","Mokai","interacting with tupperware","STATE",735.842,737.408,"Chaewon"
"259","Mokai","interacting with tupperware","STATE",740.142,741.175,"Chaewon"
"260","Mokai","looking at owner","POINT",744.043,744.043,"Chaewon"
"261","Mokai","interacting with tupperware","STATE",914.202,914.968,"Chaewon"
"262","Mokai","interacting with tupperware","STATE",915.235,915.735,"Chaewon"
"263","Mokai","interacting with tupperware","STATE",971.91,972.077,"Chaewon"
"264","Mokai","interacting with tupperware","STATE",972.51,974.143,"Chaewon"
"265","Mokai","interacting with tupperware","STATE",974.51,974.71,"Chaewon"
"266","Mokai","interacting with tupperware","STATE",975.043,975.443,"Chaewon"
"267","Mokai","interacting with tupperware","STATE",975.643,976.01,"Chaewon"
"268","Mokai","interacting with tupperware","STATE",976.21,977.21,"Chaewon"
"269","Mokai","interacting with tupperware","STATE",977.31,977.977,"Chaewon"
"270","Mokai","interacting with tupperware","STATE",978.477,978.943,"Chaewon"
"271","Mokai","interacting with tupperware","STATE",979.277,980.377,"Chaewon"
"272","Mokai","interacting with tupperware","STATE",980.443,981.412,"Chaewon"
"273","Mokai","interacting with tupperware","STATE",982.212,986.378,"Chaewon"
"274","Mokai","interacting with tupperware","STATE",986.612,987.412,"Chaewon"
"275","Mokai","interacting with tupperware","STATE",987.612,987.878,"Chaewon"
"276","Mokai","interacting with tupperware","STATE",989.678,989.978,"Chaewon"
"277","Mokai","interacting with tupperware","STATE",995.647,996.213,"Chaewon"
"278","Mokai","interacting with tupperware","STATE",996.547,997.213,"Chaewon"
"279","Mokai","interacting with tupperware","STATE",999.58,1000.513,"Chaewon"
"280","Mokai","bark/whine vocalization","POINT",1002.113,1002.113,"Chaewon"
"281","Mokai","bark/whine vocalization","POINT",1005.482,1005.482,"Chaewon"
"282","Mokai","looking at owner","POINT",1035.418,1035.418,"Chaewon"
"283","Mokai","alternating gaze","POINT",41.207,41.207,"Chaewon"
"284","Mokai","alternating gaze","POINT",72.677,72.677,"Chaewon"
"285","Mokai","alternating gaze","POINT",119.952,119.952,"Chaewon"
"286","Mokai","alternating gaze","POINT",330.515,330.515,"Chaewon"
"287","Mokai","alternating gaze","POINT",540.547,540.547,"Chaewon"
"288","Mokai","alternating gaze","POINT",637.793,637.793,"Chaewon"
"289","Mokai","alternating gaze","POINT",996.547,996.547,"Chaewon"
"290","Mokai","alternating gaze","POINT",46.673,46.673,"Chaewon"
"291","Mokai","alternating gaze","POINT",104.315,104.315,"Chaewon"
"292","Mokai","alternating gaze","POINT",131.187,131.187,"Chaewon"
"293","Mokai","alternating gaze","POINT",344.917,344.917,"Chaewon"
"294","Mokai","alternating gaze","POINT",579.718,579.718,"Chaewon"
"295","Mokai","alternating gaze","POINT",641.428,641.428,"Chaewon"
"296","Mokai","alternating gaze","POINT",1000.98,1000.98,"Chaewon"
"297","Waffle","interacting with tupperware","STATE",24.345,24.778,"Chaewon"
"298","Waffle","interacting with tupperware","STATE",30.38,35.617,"Chaewon"
"299","Waffle","interacting with tupperware","STATE",36.483,37.483,"Chaewon"
"300","Waffle","interacting with tupperware","STATE",38.385,38.985,"Chaewon"
"301","Waffle","interacting with tupperware","STATE",55.292,56.593,"Chaewon"
"302","Waffle","interacting with tupperware","STATE",59.895,66.163,"Chaewon"
"303","Waffle","interacting with tupperware","STATE",66.43,85.107,"Chaewon"
"304","Waffle","interacting with tupperware","STATE",86.04,86.94,"Chaewon"
"305","Waffle","interacting with tupperware","STATE",89.842,97.278,"Chaewon"
"306","Waffle","interacting with tupperware","STATE",97.512,97.712,"Chaewon"
"307","Waffle","interacting with tupperware","STATE",101.38,107.717,"Chaewon"
"308","Waffle","looking at owner","POINT",108.283,108.283,"Chaewon"
"309","Waffle","looking at the tupperware","POINT",115.42,115.42,"Chaewon"
"310","Waffle","looking at owner","POINT",118.188,118.188,"Chaewon"
"311","Waffle","bark/whine vocalization","POINT",119.422,119.422,"Chaewon"
"312","Waffle","looking at owner","POINT",120.122,120.122,"Chaewon"
"313","Waffle","bark/whine vocalization","POINT",126.192,126.192,"Chaewon"
"314","Waffle","bark/whine vocalization","POINT",133.095,133.095,"Chaewon"
"315","Waffle","looking at owner","POINT",153.47,153.47,"Chaewon"
"316","Waffle","looking at owner","POINT",159.94,159.94,"Chaewon"
"317","Waffle","bark/whine vocalization","POINT",162.842,162.842,"Chaewon"
"318","Waffle","looking at the tupperware","POINT",175.948,175.948,"Chaewon"
"319","Waffle","bark/whine vocalization","POINT",177.615,177.615,"Chaewon"
"320","Waffle","looking at owner","POINT",178.983,178.983,"Chaewon"
"321","Waffle","bark/whine vocalization","POINT",192.455,192.455,"Chaewon"
"322","Waffle","looking at the tupperware","POINT",260.62,260.62,"Chaewon"
"323","Waffle","interacting with tupperware","STATE",261.553,262.855,"Chaewon"
"324","Waffle","interacting with tupperware","STATE",263.855,267.923,"Chaewon"
"325","Waffle","interacting with tupperware","STATE",271.292,273.96,"Chaewon"
"326","Waffle","looking at owner","POINT",276.695,276.695,"Chaewon"
"327","Waffle","looking at owner","POINT",290.1,290.1,"Chaewon"
"328","Waffle","bark/whine vocalization","POINT",301.94,301.94,"Chaewon"
"329","Waffle","bark/whine vocalization","POINT",306.575,306.575,"Chaewon"
"330","Waffle","bark/whine vocalization","POINT",310.01,310.01,"Chaewon"
"331","Waffle","looking at owner","POINT",311.01,311.01,"Chaewon"
"332","Waffle","bark/whine vocalization","POINT",313.978,313.978,"Chaewon"
"333","Waffle","bark/whine vocalization","POINT",316.112,316.112,"Chaewon"
"334","Waffle","bark/whine vocalization","POINT",319.78,319.78,"Chaewon"
"335","Waffle","bark/whine vocalization","POINT",325.717,325.717,"Chaewon"
"336","Waffle","looking at owner","POINT",328.985,328.985,"Chaewon"
"337","Waffle","bark/whine vocalization","POINT",335.522,335.522,"Chaewon"
"338","Waffle","bark/whine vocalization","POINT",361.1,361.1,"Chaewon"
"339","Waffle","looking at owner","POINT",376.707,376.707,"Chaewon"
"340","Waffle","interacting with tupperware","STATE",486.925,487.825,"Chaewon"
"341","Waffle","interacting with tupperware","STATE",488.992,490.227,"Chaewon"
"342","Waffle","interacting with tupperware","STATE",491.727,493.728,"Chaewon"
"343","Waffle","interacting with tupperware","STATE",497.33,501.898,"Chaewon"
"344","Waffle","interacting with tupperware","STATE",502.665,508.368,"Chaewon"
"345","Waffle","looking at owner","POINT",540.983,540.983,"Chaewon"
"346","Waffle","looking at owner","POINT",639.495,639.495,"Chaewon"
"347","Waffle","looking at owner","POINT",643.363,643.363,"Chaewon"
"348","Waffle","interacting with tupperware","STATE",725.502,728.402,"Chaewon"
"349","Waffle","interacting with tupperware","STATE",729.303,730.403,"Chaewon"
"350","Waffle","interacting with tupperware","STATE",731.97,732.638,"Chaewon"
"351","Waffle","bark/whine vocalization","POINT",733.172,733.172,"Chaewon"
"352","Waffle","bark/whine vocalization","POINT",742.108,742.108,"Chaewon"
"353","Waffle","bark/whine vocalization","POINT",746.143,746.143,"Chaewon"
"354","Waffle","bark/whine vocalization","POINT",748.678,748.678,"Chaewon"
"355","Waffle","bark/whine vocalization","POINT",776.425,776.425,"Chaewon"
"356","Waffle","bark/whine vocalization","POINT",785.562,785.562,"Chaewon"
"357","Waffle","looking at owner","POINT",787.463,787.463,"Chaewon"
"358","Waffle","bark/whine vocalization","POINT",894.278,894.278,"Chaewon"
"359","Waffle","interacting with tupperware","STATE",1014.2,1029.842,"Chaewon"
"360","Waffle","interacting with tupperware","STATE",1031.308,1032.51,"Chaewon"
"361","Waffle","interacting with tupperware","STATE",1032.81,1051.818,"Chaewon"
"362","Waffle","interacting with tupperware","STATE",1053.218,1064.157,"Chaewon"
"363","Waffle","nudging/scratching/paw owner","POINT",1075.83,1075.83,"Chaewon"
"364","Waffle","nudging/scratching/paw owner","POINT",1076.297,1076.297,"Chaewon"
"365","Waffle","nudging/scratching/paw owner","POINT",1076.53,1076.53,"Chaewon"
"366","Waffle","nudging/scratching/paw owner","POINT",1076.83,1076.83,"Chaewon"
"367","Waffle","nudging/scratching/paw owner","POINT",1077.397,1077.397,"Chaewon"
"368","Waffle","nudging/scratching/paw owner","POINT",1077.797,1077.797,"Chaewon"
"369","Waffle","nudging/scratching/paw owner","POINT",1078.33,1078.33,"Chaewon"
"370","Waffle","bark/whine vocalization","POINT",1098.307,1098.307,"Chaewon"
"371","Waffle","bark/whine vocalization","POINT",1108.612,1108.612,"Chaewon"
"372","Waffle","bark/whine vocalization","POINT",1118.882,1118.882,"Chaewon"
"373","Waffle","bark/whine vocalization","POINT",1172.573,1172.573,"Chaewon"
"374","Waffle","bark/whine vocalization","POINT",1176.508,1176.508,"Chaewon"
"375","Waffle","bark/whine vocalization","POINT",1179.51,1179.51,"Chaewon"
"376","Waffle","bark/whine vocalization","POINT",1183.178,1183.178,"Chaewon"
"377","Waffle","bark/whine vocalization","POINT",1184.012,1184.012,"Chaewon"
"378","Waffle","bark/whine vocalization","POINT",1184.413,1184.413,"Chaewon"
"379","Waffle","interacting with tupperware","STATE",1261.315,1280.557,"Chaewon"
"380","Waffle","interacting with tupperware","STATE",1280.957,1289.462,"Chaewon"
"381","Waffle","nudging/scratching/paw owner","POINT",1297.632,1297.632,"Chaewon"
"382","Waffle","nudging/scratching/paw owner","POINT",1297.732,1297.732,"Chaewon"
"383","Waffle","nudging/scratching/paw owner","POINT",1298.165,1298.165,"Chaewon"
"384","Waffle","nudging/scratching/paw owner","POINT",1298.365,1298.365,"Chaewon"
"385","Waffle","nudging/scratching/paw owner","POINT",1298.532,1298.532,"Chaewon"
"386","Waffle","nudging/scratching/paw owner","POINT",1298.732,1298.732,"Chaewon"
"387","Waffle","nudging/scratching/paw owner","POINT",1298.932,1298.932,"Chaewon"
"388","Waffle","nudging/scratching/paw owner","POINT",1299.265,1299.265,"Chaewon"
"389","Waffle","nudging/scratching/paw owner","POINT",1299.565,1299.565,"Chaewon"
"390","Waffle","nudging/scratching/paw owner","POINT",1299.967,1299.967,"Chaewon"
"391","Waffle","nudging/scratching/paw owner","POINT",1300.2,1300.2,"Chaewon"
"392","Waffle","looking at owner","POINT",1345.287,1345.287,"Chaewon"
"393","Waffle","looking at owner","POINT",1386.405,1386.405,"Chaewon"
"394","Waffle","alternating gaze","POINT",24.012,24.012,"Chaewon"
"395","Waffle","alternating gaze","POINT",134.262,134.262,"Chaewon"
"396","Waffle","alternating gaze","POINT",396.283,396.283,"Chaewon"
"397","Waffle","alternating gaze","POINT",734.038,734.038,"Chaewon"
"398","Waffle","alternating gaze","POINT",41.887,41.887,"Chaewon"
"399","Waffle","alternating gaze","POINT",138.663,138.663,"Chaewon"
"400","Waffle","alternating gaze","POINT",442.603,442.603,"Chaewon"
"401","Waffle","alternating gaze","POINT",756.015,756.015,"Chaewon"
"402","Remi","interacting with tupperware","STATE",35.118,40.055,"Chaewon"
"403","Remi","interacting with tupperware","STATE",41.188,43.423,"Chaewon"
"404","Remi","interacting with tupperware","STATE",44.523,48.36,"Chaewon"
"405","Remi","interacting with tupperware","STATE",53.762,58.132,"Chaewon"
"406","Remi","interacting with tupperware","STATE",59.765,66.435,"Chaewon"
"407","Remi","interacting with tupperware","STATE",77.408,78.742,"Chaewon"
"408","Remi","interacting with tupperware","STATE",80.91,81.543,"Chaewon"
"409","Remi","interacting with tupperware","STATE",84.212,86.98,"Chaewon"
"410","Remi","looking at owner","POINT",97.152,97.152,"Chaewon"
"411","Remi","looking at owner","POINT",115.762,115.762,"Chaewon"
"412","Remi","looking at owner","POINT",144.812,144.812,"Chaewon"
"413","Remi","looking at owner","POINT",148.847,148.847,"Chaewon"
"414","Remi","looking at owner","POINT",198.273,198.273,"Chaewon"
"415","Remi","looking at owner","POINT",206.378,206.378,"Chaewon"
"416","Remi","interacting with tupperware","STATE",279.15,284.387,"Chaewon"
"417","Remi","interacting with tupperware","STATE",285.353,289.79,"Chaewon"
"418","Remi","interacting with tupperware","STATE",291.423,296.527,"Chaewon"
"419","Remi","interacting with tupperware","STATE",306.532,311.735,"Chaewon"
"420","Remi","interacting with tupperware","STATE",312.868,313.002,"Chaewon"
"421","Remi","interacting with tupperware","STATE",314.135,318.038,"Chaewon"
"422","Remi","interacting with tupperware","STATE",319.438,320.572,"Chaewon"
"423","Remi","interacting with tupperware","STATE",321.307,329.843,"Chaewon"
"424","Remi","interacting with tupperware","STATE",333.28,335.08,"Chaewon"
"425","Remi","interacting with tupperware","STATE",344.185,368.265,"Chaewon"
"426","Remi","interacting with tupperware","STATE",371.5,376.77,"Chaewon"
"427","Remi","bark/whine vocalization","POINT",381.438,381.438,"Chaewon"
"428","Remi","looking at owner","POINT",450.508,450.508,"Chaewon"
"429","Remi","interacting with tupperware","STATE",515.845,516.445,"Chaewon"
"430","Remi","interacting with tupperware","STATE",518.645,518.913,"Chaewon"
"431","Remi","interacting with tupperware","STATE",519.68,519.78,"Chaewon"
"432","Remi","interacting with tupperware","STATE",520.547,521.313,"Chaewon"
"433","Remi","interacting with tupperware","STATE",526.017,527.35,"Chaewon"
"434","Remi","interacting with tupperware","STATE",528.952,531.253,"Chaewon"
"435","Remi","interacting with tupperware","STATE",533.553,567.605,"Chaewon"
"436","Remi","interacting with tupperware","STATE",570.74,572.642,"Chaewon"
"437","Remi","interacting with tupperware","STATE",575.243,578.612,"Chaewon"
"438","Remi","interacting with tupperware","STATE",580.112,582.213,"Chaewon"
"439","Remi","interacting with tupperware","STATE",590.05,604.858,"Chaewon"
"440","Remi","looking at owner","POINT",605.425,605.425,"Chaewon"
"441","Remi","looking at owner","POINT",608.695,608.695,"Chaewon"
"442","Remi","looking at owner","POINT",625.503,625.503,"Chaewon"
"443","Remi","looking at owner","POINT",629.805,629.805,"Chaewon"
"444","Remi","looking at owner","POINT",635.742,635.742,"Chaewon"
"445","Remi","interacting with tupperware","STATE",749.872,750.172,"Chaewon"
"446","Remi","interacting with tupperware","STATE",750.472,750.705,"Chaewon"
"447","Remi","interacting with tupperware","STATE",751.205,754.64,"Chaewon"
"448","Remi","interacting with tupperware","STATE",759.51,780.49,"Chaewon"
"449","Remi","interacting with tupperware","STATE",782.892,789.162,"Chaewon"
"450","Remi","interacting with tupperware","STATE",790.995,793.998,"Chaewon"
"451","Remi","interacting with tupperware","STATE",795.732,797.367,"Chaewon"
"452","Remi","interacting with tupperware","STATE",799.033,800.902,"Chaewon"
"453","Remi","interacting with tupperware","STATE",802.837,803.137,"Chaewon"
"454","Remi","interacting with tupperware","STATE",806.605,811.442,"Chaewon"
"455","Remi","interacting with tupperware","STATE",818.045,828.352,"Chaewon"
"456","Remi","looking at owner","POINT",852.3,852.3,"Chaewon"
"457","Remi","interacting with tupperware","STATE",988.482,989.615,"Chaewon"
"458","Remi","interacting with tupperware","STATE",990.248,992.45,"Chaewon"
"459","Remi","interacting with tupperware","STATE",993.25,996.453,"Chaewon"
"460","Remi","interacting with tupperware","STATE",997.053,998.62,"Chaewon"
"461","Remi","interacting with tupperware","STATE",1000.455,1001.923,"Chaewon"
"462","Remi","interacting with tupperware","STATE",1008.427,1012.863,"Chaewon"
"463","Remi","interacting with tupperware","STATE",1014.163,1014.497,"Chaewon"
"464","Remi","interacting with tupperware","STATE",1015.898,1016.565,"Chaewon"
"465","Remi","interacting with tupperware","STATE",1017.965,1023.002,"Chaewon"
"466","Remi","interacting with tupperware","STATE",1023.837,1031.907,"Chaewon"
"467","Remi","interacting with tupperware","STATE",1033.908,1035.243,"Chaewon"
"468","Remi","looking at owner","POINT",1039.545,1039.545,"Chaewon"
"469","Remi","looking at owner","POINT",1060.958,1060.958,"Chaewon"
"470","Remi","looking at owner","POINT",1076.968,1076.968,"Chaewon"
"471","Remi","alternating gaze","POINT",44.523,44.523,"Chaewon"
"472","Remi","alternating gaze","POINT",122.8,122.8,"Chaewon"
"473","Remi","alternating gaze","POINT",202.542,202.542,"Chaewon"
"474","Remi","alternating gaze","POINT",297.027,297.027,"Chaewon"
"475","Remi","alternating gaze","POINT",436.402,436.402,"Chaewon"
"476","Remi","alternating gaze","POINT",1002.69,1002.69,"Chaewon"
"477","Remi","alternating gaze","POINT",51.362,51.362,"Chaewon"
"478","Remi","alternating gaze","POINT",139.108,139.108,"Chaewon"
"479","Remi","alternating gaze","POINT",204.61,204.61,"Chaewon"
"480","Remi","alternating gaze","POINT",300.595,300.595,"Chaewon"
"481","Remi","alternating gaze","POINT",443.872,443.872,"Chaewon"
"482","Remi","alternating gaze","POINT",1006.392,1006.392,"Chaewon"
"483","Dewey","interacting with tupperware","STATE",50.07,52.703,"Amanda"
"484","Dewey","alternating gaze","POINT",53.703,53.703,"Amanda"
"485","Dewey","interacting with tupperware","STATE",54.737,55.203,"Amanda"
"486","Dewey","alternating gaze","POINT",55.77,55.77,"Amanda"
"487","Dewey","looking at owner","POINT",56.803,56.803,"Amanda"
"488","Dewey","nudging/scratching/paw owner","POINT",64.603,64.603,"Amanda"
"489","Dewey","looking at owner","POINT",78.07,78.07,"Amanda"
"490","Dewey","looking at owner","POINT",82.205,82.205,"Amanda"
"491","Dewey","alternating gaze","POINT",82.605,82.605,"Amanda"
"492","Dewey","looking at owner","POINT",86.238,86.238,"Amanda"
"493","Dewey","bark/whine vocalization","POINT",97.472,97.472,"Amanda"
"494","Dewey","nudging/scratching/paw owner","POINT",113.107,113.107,"Amanda"
"495","Dewey","looking at owner","POINT",125.007,125.007,"Amanda"
"496","Dewey","looking at owner","POINT",128.873,128.873,"Amanda"
"497","Dewey","looking at owner","POINT",134.74,134.74,"Amanda"
"498","Dewey","alternating gaze","POINT",178.01,178.01,"Amanda"
"499","Dewey","looking at owner","POINT",199.043,199.043,"Amanda"
"500","Dewey","looking at owner","POINT",202.177,202.177,"Amanda"
"501","Dewey","alternating gaze","POINT",282.615,282.615,"Amanda"
"502","Dewey","alternating gaze","POINT",306.25,306.25,"Amanda"
"503","Dewey","interacting with tupperware","STATE",310.783,316.583,"Amanda"
"504","Dewey","looking at owner","POINT",320.05,320.05,"Amanda"
"505","Dewey","positioning in front of owner","POINT",321.55,321.55,"Amanda"
"506","Dewey","looking at owner","POINT",335.485,335.485,"Amanda"
"507","Dewey","alternating gaze","POINT",335.885,335.885,"Amanda"
"508","Dewey","looking at owner","POINT",338.918,338.918,"Amanda"
"509","Dewey","looking at owner","POINT",340.252,340.252,"Amanda"
"510","Dewey","alternating gaze","POINT",377.053,377.053,"Amanda"
"511","Dewey","alternating gaze","POINT",378.053,378.053,"Amanda"
"512","Dewey","looking at owner","POINT",384.92,384.92,"Amanda"
"513","Dewey","looking at owner","POINT",435.323,435.323,"Amanda"
"514","Dewey","alternating gaze","POINT",441.357,441.357,"Amanda"
"515","Dewey","looking at owner","POINT",460.558,460.558,"Amanda"
"516","Dewey","looking at owner","POINT",460.792,460.792,"Amanda"
"517","Dewey","interacting with tupperware","STATE",510.86,513.993,"Amanda"
"518","Dewey","alternating gaze","POINT",515.493,515.493,"Amanda"
"519","Dewey","alternating gaze","POINT",519.993,519.993,"Amanda"
"520","Dewey","interacting with tupperware","STATE",523.528,523.828,"Amanda"
"521","Dewey","bark/whine vocalization","POINT",524.195,524.195,"Amanda"
"522","Dewey","interacting with tupperware","STATE",524.995,525.728,"Amanda"
"523","Dewey","interacting with tupperware","STATE",527.095,527.595,"Amanda"
"524","Dewey","alternating gaze","POINT",527.862,527.862,"Amanda"
"525","Dewey","interacting with tupperware","STATE",530.195,530.495,"Amanda"
"526","Dewey","interacting with tupperware","STATE",530.762,531.728,"Amanda"
"527","Dewey","interacting with tupperware","STATE",531.962,532.295,"Amanda"
"528","Dewey","alternating gaze","POINT",532.528,532.528,"Amanda"
"529","Dewey","looking at owner","POINT",536.762,536.762,"Amanda"
"530","Dewey","alternating gaze","POINT",541.995,541.995,"Amanda"
"531","Dewey","looking at owner","POINT",544.062,544.062,"Amanda"
"532","Dewey","nudging/scratching/paw owner","POINT",551.528,551.528,"Amanda"
"533","Dewey","looking at owner","POINT",567.297,567.297,"Amanda"
"534","Dewey","looking at owner","POINT",570.663,570.663,"Amanda"
"535","Dewey","looking at owner","POINT",582.13,582.13,"Amanda"
"536","Dewey","looking at owner","POINT",591.065,591.065,"Amanda"
"537","Dewey","alternating gaze","POINT",668.468,668.468,"Amanda"
"538","Dewey","looking at owner","POINT",672.568,672.568,"Amanda"
"539","Dewey","looking at owner","POINT",685.57,685.57,"Amanda"
"540","Dewey","looking at owner","POINT",689.837,689.837,"Amanda"
"541","Dewey","interacting with tupperware","STATE",728.805,732.205,"Amanda"
"542","Dewey","alternating gaze","POINT",734.338,734.338,"Amanda"
"543","Dewey","positioning in front of owner","POINT",736.605,736.605,"Amanda"
"544","Dewey","alternating gaze","POINT",745.807,745.807,"Amanda"
"545","Dewey","alternating gaze","POINT",746.64,746.64,"Amanda"
"546","Dewey","looking at owner","POINT",748.273,748.273,"Amanda"
"547","Dewey","looking at owner","POINT",753.54,753.54,"Amanda"
"548","Dewey","looking at owner","POINT",774.24,774.24,"Amanda"
"549","Dewey","alternating gaze","POINT",776.375,776.375,"Amanda"
"550","Dewey","looking at owner","POINT",793.308,793.308,"Amanda"
"551","Dewey","looking at owner","POINT",798.742,798.742,"Amanda"
"552","Dewey","looking at owner","POINT",825.277,825.277,"Amanda"
"553","Dewey","looking at owner","POINT",839.712,839.712,"Amanda"
"554","Dewey","looking at owner","POINT",840.412,840.412,"Amanda"
"555","Dewey","looking at owner","POINT",843.412,843.412,"Amanda"
"556","Dewey","interacting with tupperware","STATE",953.783,953.917,"Amanda"
"557","Dewey","interacting with tupperware","STATE",954.117,954.683,"Amanda"
"558","Dewey","interacting with tupperware","STATE",955.35,956.983,"Amanda"
"559","Dewey","interacting with tupperware","STATE",957.817,958.283,"Amanda"
"560","Dewey","interacting with tupperware","STATE",959.383,960.75,"Amanda"
"561","Dewey","interacting with tupperware","STATE",961.483,962.25,"Amanda"
"562","Dewey","alternating gaze","POINT",963.917,963.917,"Amanda"
"563","Dewey","positioning in front of owner","POINT",966.418,966.418,"Amanda"
"564","Dewey","nudging/scratching/paw owner","POINT",974.218,974.218,"Amanda"
"565","Dewey","nudging/scratching/paw owner","POINT",974.952,974.952,"Amanda"
"566","Dewey","nudging/scratching/paw owner","POINT",977.318,977.318,"Amanda"
"567","Dewey","bark/whine vocalization","POINT",980.585,980.585,"Amanda"
"568","Dewey","looking at owner","POINT",984.585,984.585,"Amanda"
"569","Dewey","alternating gaze","POINT",984.918,984.918,"Amanda"
"570","Dewey","alternating gaze","POINT",986.285,986.285,"Amanda"
"571","Dewey","bark/whine vocalization","POINT",987.718,987.718,"Amanda"
"572","Dewey","looking at owner","POINT",1025.353,1025.353,"Amanda"
"573","Dewey","looking at owner","POINT",1027.52,1027.52,"Amanda"
"574","Dewey","looking at owner","POINT",1030.288,1030.288,"Amanda"
"575","Dewey","looking at owner","POINT",1033.055,1033.055,"Amanda"
"576","Dewey","looking at owner","POINT",1035.088,1035.088,"Amanda"
"577","Dewey","looking at owner","POINT",1048.188,1048.188,"Amanda"
"578","Dewey","looking at owner","POINT",1056.455,1056.455,"Amanda"
"579","Dewey","alternating gaze","POINT",1063.623,1063.623,"Amanda"
"580","Poppy","looking at owner","POINT",46.48,46.48,"Amanda"
"581","Poppy","looking at owner","POINT",111.658,111.658,"Amanda"
"582","Poppy","looking at owner","POINT",115.765,115.765,"Amanda"
"583","Poppy","looking at owner","POINT",161.878,161.878,"Amanda"
"584","Poppy","looking at owner","POINT",273.503,273.503,"Amanda"
"585","Poppy","interacting with tupperware","STATE",280.748,280.949,"Amanda"
"586","Poppy","interacting with tupperware","STATE",283.653,285.891,"Amanda"
"587","Poppy","alternating gaze","POINT",292.736,292.736,"Amanda"
"588","Poppy","interacting with tupperware","STATE",308.362,310.299,"Amanda"
"589","Poppy","looking at owner","POINT",319.114,319.114,"Amanda"
"590","Poppy","interacting with tupperware","STATE",326.46,330.133,"Amanda"
"591","Poppy","looking at owner","POINT",335.075,335.075,"Amanda"
"592","Poppy","alternating gaze","POINT",400.053,400.053,"Amanda"
"593","Poppy","looking at owner","POINT",431.541,431.541,"Amanda"
"594","Poppy","interacting with tupperware","STATE",515.084,517.455,"Amanda"
"595","Poppy","interacting with tupperware","STATE",523.231,523.866,"Amanda"
"596","Poppy","interacting with tupperware","STATE",525.569,526.904,"Amanda"
"597","Poppy","alternating gaze","POINT",536.053,536.053,"Amanda"
"598","Poppy","alternating gaze","POINT",541.797,541.797,"Amanda"
"599","Poppy","interacting with tupperware","STATE",544.368,544.635,"Amanda"
"600","Poppy","interacting with tupperware","STATE",555.12,556.923,"Amanda"
"601","Poppy","interacting with tupperware","STATE",568.81,569.578,"Amanda"
"602","Poppy","looking at owner","POINT",575.154,575.154,"Amanda"
"603","Poppy","looking at owner","POINT",586.574,586.574,"Amanda"
"604","Poppy","interacting with tupperware","STATE",634.222,636.259,"Amanda"
"605","Poppy","alternating gaze","POINT",643.872,643.872,"Amanda"
"606","Poppy","looking at owner","POINT",677.43,677.43,"Amanda"
"607","Poppy","looking at owner","POINT",694.693,694.693,"Amanda"
"608","Poppy","interacting with tupperware","STATE",760.539,762.576,"Amanda"
"609","Poppy","alternating gaze","POINT",763.177,763.177,"Amanda"
"610","Poppy","interacting with tupperware","STATE",767.952,771.09,"Amanda"
"611","Poppy","interacting with tupperware","STATE",772.092,773.495,"Amanda"
"612","Poppy","alternating gaze","POINT",775.999,775.999,"Amanda"
"613","Poppy","interacting with tupperware","STATE",777.668,778.336,"Amanda"
"614","Poppy","interacting with tupperware","STATE",780.039,780.74,"Amanda"
"615","Poppy","looking at owner","POINT",818.705,818.705,"Amanda"
"616","Poppy","alternating gaze","POINT",819.941,819.941,"Amanda"
"617","Poppy","interacting with tupperware","STATE",823.814,824.749,"Amanda"
"618","Poppy","interacting with tupperware","STATE",827.287,827.654,"Amanda"
"619","Poppy","interacting with tupperware","STATE",830.426,831.227,"Amanda"
"620","Poppy","alternating gaze","POINT",833.698,833.698,"Amanda"
"621","Poppy","alternating gaze","POINT",841.845,841.845,"Amanda"
"622","Poppy","interacting with tupperware","STATE",1009.233,1009.6,"Amanda"
"623","Poppy","interacting with tupperware","STATE",1009.8,1010.067,"Amanda"
"624","Poppy","interacting with tupperware","STATE",1010.735,1010.936,"Amanda"
"625","Poppy","interacting with tupperware","STATE",1011.637,1015.443,"Amanda"
"626","Poppy","alternating gaze","POINT",1015.51,1015.51,"Amanda"
"627","Poppy","interacting with tupperware","STATE",1021.554,1024.225,"Amanda"
"628","Poppy","interacting with tupperware","STATE",1024.592,1024.893,"Amanda"
"629","Poppy","interacting with tupperware","STATE",1027.597,1029.133,"Amanda"
"630","Poppy","alternating gaze","POINT",1030.536,1030.536,"Amanda"
"631","Poppy","interacting with tupperware","STATE",1044.693,1045.395,"Amanda"
"632","Poppy","interacting with tupperware","STATE",1045.628,1047.031,"Amanda"
"633","Poppy","looking at owner","POINT",1050.437,1050.437,"Amanda"
"634","Poppy","looking at owner","POINT",1072.074,1072.074,"Amanda"
"635","Poppy","looking at owner","POINT",1076.949,1076.949,"Amanda"
"636","Poppy","looking at owner","POINT",1079.687,1079.687,"Amanda"
"637","Poppy","looking at owner","POINT",1098.219,1098.219,"Amanda"
"638","Poppy","looking at owner","POINT",1110.707,1110.707,"Amanda"
"639","Poppy","looking at owner","POINT",1126.234,1126.234,"Amanda"
"640","Poppy","looking at owner","POINT",1148.639,1148.639,"Amanda"
"641","Poppy","looking at owner","POINT",1176.487,1176.487,"Amanda"
"642","Poppy","looking at owner","POINT",1179.826,1179.826,"Amanda"
"643","Poppy","interacting with tupperware","STATE",1268.411,1269.213,"Amanda"
"644","Poppy","interacting with tupperware","STATE",1269.78,1270.047,"Amanda"
"645","Poppy","interacting with tupperware","STATE",1270.548,1270.849,"Amanda"
"646","Poppy","interacting with tupperware","STATE",1271.149,1272.385,"Amanda"
"647","Poppy","interacting with tupperware","STATE",1273.186,1273.386,"Amanda"
"648","Poppy","interacting with tupperware","STATE",1274.923,1275.19,"Amanda"
"649","Poppy","interacting with tupperware","STATE",1276.926,1279.263,"Amanda"
"650","Poppy","interacting with tupperware","STATE",1279.53,1279.764,"Amanda"
"651","Poppy","interacting with tupperware","STATE",1281.233,1281.667,"Amanda"
"652","Poppy","interacting with tupperware","STATE",1281.868,1282.602,"Amanda"
"653","Poppy","interacting with tupperware","STATE",1282.836,1283.704,"Amanda"
"654","Poppy","interacting with tupperware","STATE",1284.906,1285.607,"Amanda"
"655","Poppy","interacting with tupperware","STATE",1285.941,1287.043,"Amanda"
"656","Poppy","interacting with tupperware","STATE",1295.524,1296.259,"Amanda"
"657","Poppy","interacting with tupperware","STATE",1297.261,1297.628,"Amanda"
"658","Poppy","interacting with tupperware","STATE",1297.862,1298.196,"Amanda"
"659","Poppy","interacting with tupperware","STATE",1298.396,1298.663,"Amanda"
"660","Poppy","interacting with tupperware","STATE",1298.93,1299.999,"Amanda"
"661","Poppy","interacting with tupperware","STATE",1300.266,1300.7,"Amanda"
"662","Poppy","interacting with tupperware","STATE",1300.934,1301.334,"Amanda"
"663","Poppy","interacting with tupperware","STATE",1301.535,1302.269,"Amanda"
"664","Poppy","alternating gaze","POINT",1302.203,1302.203,"Amanda"
"665","Poppy","interacting with tupperware","STATE",1303.438,1303.672,"Amanda"
"666","Poppy","interacting with tupperware","STATE",1303.872,1304.173,"Amanda"
"667","Poppy","interacting with tupperware","STATE",1304.373,1304.64,"Amanda"
"668","Poppy","interacting with tupperware","STATE",1304.807,1305.108,"Amanda"
"669","Poppy","interacting with tupperware","STATE",1305.308,1305.575,"Amanda"
"670","Poppy","interacting with tupperware","STATE",1305.742,1306.076,"Amanda"
"671","Poppy","interacting with tupperware","STATE",1310.083,1315.859,"Amanda"
"672","Poppy","alternating gaze","POINT",1316.293,1316.293,"Amanda"
"673","Poppy","interacting with tupperware","STATE",1321.369,1322.704,"Amanda"
"674","Poppy","interacting with tupperware","STATE",1323.272,1325.042,"Amanda"
"675","Poppy","interacting with tupperware","STATE",1328.848,1329.216,"Amanda"
"676","Poppy","looking at owner","POINT",1331.687,1331.687,"Amanda"
"677","Poppy","looking at owner","POINT",1333.824,1333.824,"Amanda"
"678","Poppy","looking at owner","POINT",1385.78,1385.78,"Amanda"
"679","Poppy","interacting with tupperware","STATE",1431.224,1432.393,"Amanda"
"680","Poppy","interacting with tupperware","STATE",1433.795,1434.129,"Amanda"
"681","Poppy","interacting with tupperware","STATE",1434.363,1434.73,"Amanda"
"682","Poppy","interacting with tupperware","STATE",1434.931,1435.632,"Amanda"
"683","Poppy","interacting with tupperware","STATE",1435.932,1436.834,"Amanda"
"684","Poppy","interacting with tupperware","STATE",1437.134,1438.937,"Amanda"
"685","Poppy","interacting with tupperware","STATE",1439.071,1441.342,"Amanda"
"686","Mokai","interacting with tupperware","STATE",25.237,25.903,"Amanda"
"687","Mokai","alternating gaze","POINT",26.103,26.103,"Amanda"
"688","Mokai","interacting with tupperware","STATE",27.837,27.97,"Amanda"
"689","Mokai","looking at owner","POINT",29.905,29.905,"Amanda"
"690","Mokai","positioning in front of owner","POINT",34.738,34.738,"Amanda"
"691","Mokai","looking at owner","POINT",36.138,36.138,"Amanda"
"692","Mokai","looking at owner","POINT",41.173,41.173,"Amanda"
"693","Mokai","alternating gaze","POINT",42.74,42.74,"Amanda"
"694","Mokai","interacting with tupperware","STATE",47.04,47.607,"Amanda"
"695","Mokai","alternating gaze","POINT",53.808,53.808,"Amanda"
"696","Mokai","looking at owner","POINT",56.675,56.675,"Amanda"
"697","Mokai","looking at owner","POINT",60.775,60.775,"Amanda"
"698","Mokai","looking at owner","POINT",61.342,61.342,"Amanda"
"699","Mokai","bark/whine vocalization","POINT",70.843,70.843,"Amanda"
"700","Mokai","looking at owner","POINT",103.582,103.582,"Amanda"
"701","Mokai","alternating gaze","POINT",104.015,104.015,"Amanda"
"702","Mokai","alternating gaze","POINT",115.117,115.117,"Amanda"
"703","Mokai","looking at owner","POINT",119.785,119.785,"Amanda"
"704","Mokai","alternating gaze","POINT",121.118,121.118,"Amanda"
"705","Mokai","interacting with tupperware","STATE",268.54,269.473,"Amanda"
"706","Mokai","interacting with tupperware","STATE",272.507,272.907,"Amanda"
"707","Mokai","alternating gaze","POINT",273.94,273.94,"Amanda"
"708","Mokai","positioning in front of owner","POINT",276.44,276.44,"Amanda"
"709","Mokai","looking at owner","POINT",277.84,277.84,"Amanda"
"710","Mokai","positioning in front of owner","POINT",280.175,280.175,"Amanda"
"711","Mokai","looking at owner","POINT",286.575,286.575,"Amanda"
"712","Mokai","looking at owner","POINT",287.608,287.608,"Amanda"
"713","Mokai","alternating gaze","POINT",290.843,290.843,"Amanda"
"714","Mokai","looking at owner","POINT",303.778,303.778,"Amanda"
"715","Mokai","looking at owner","POINT",329.648,329.648,"Amanda"
"716","Mokai","alternating gaze","POINT",330.048,330.048,"Amanda"
"717","Mokai","looking at owner","POINT",376.988,376.988,"Amanda"
"718","Mokai","alternating gaze","POINT",388.023,388.023,"Amanda"
"719","Mokai","interacting with tupperware","STATE",508.442,510.808,"Amanda"
"720","Mokai","interacting with tupperware","STATE",513.708,514.308,"Amanda"
"721","Mokai","looking at owner","POINT",515.275,515.275,"Amanda"
"722","Mokai","alternating gaze","POINT",515.808,515.808,"Amanda"
"723","Mokai","positioning in front of owner","POINT",520.343,520.343,"Amanda"
"724","Mokai","looking at owner","POINT",521.81,521.81,"Amanda"
"725","Mokai","alternating gaze","POINT",525.11,525.11,"Amanda"
"726","Mokai","interacting with tupperware","STATE",527.343,527.845,"Amanda"
"727","Mokai","interacting with tupperware","STATE",527.878,528.845,"Amanda"
"728","Mokai","interacting with tupperware","STATE",529.412,529.445,"Amanda"
"729","Mokai","interacting with tupperware","STATE",529.645,531.345,"Amanda"
"730","Mokai","alternating gaze","POINT",542.647,542.647,"Amanda"
"731","Mokai","looking at owner","POINT",637.293,637.293,"Amanda"
"732","Mokai","alternating gaze","POINT",638.327,638.327,"Amanda"
"733","Mokai","interacting with tupperware","STATE",735.008,735.208,"Amanda"
"734","Mokai","interacting with tupperware","STATE",735.442,737.308,"Amanda"
"735","Mokai","interacting with tupperware","STATE",740.175,741.208,"Amanda"
"736","Mokai","looking at owner","POINT",743.843,743.843,"Amanda"
"737","Mokai","interacting with tupperware","STATE",914.202,914.735,"Amanda"
"738","Mokai","interacting with tupperware","STATE",971.377,971.777,"Amanda"
"739","Mokai","interacting with tupperware","STATE",972.61,973.577,"Amanda"
"740","Mokai","interacting with tupperware","STATE",973.643,974.143,"Amanda"
"741","Mokai","interacting with tupperware","STATE",974.51,974.71,"Amanda"
"742","Mokai","interacting with tupperware","STATE",975.077,975.41,"Amanda"
"743","Mokai","interacting with tupperware","STATE",975.677,975.977,"Amanda"
"744","Mokai","interacting with tupperware","STATE",976.243,976.577,"Amanda"
"745","Mokai","interacting with tupperware","STATE",976.91,977.21,"Amanda"
"746","Mokai","interacting with tupperware","STATE",977.343,977.977,"Amanda"
"747","Mokai","interacting with tupperware","STATE",978.51,978.977,"Amanda"
"748","Mokai","interacting with tupperware","STATE",979.277,980.377,"Amanda"
"749","Mokai","interacting with tupperware","STATE",980.877,981.412,"Amanda"
"750","Mokai","interacting with tupperware","STATE",982.612,986.345,"Amanda"
"751","Mokai","interacting with tupperware","STATE",986.678,987.412,"Amanda"
"752","Mokai","interacting with tupperware","STATE",987.645,987.878,"Amanda"
"753","Mokai","interacting with tupperware","STATE",989.578,989.945,"Amanda"
"754","Mokai","alternating gaze","POINT",991.045,991.045,"Amanda"
"755","Mokai","interacting with tupperware","STATE",995.68,996.213,"Amanda"
"756","Mokai","interacting with tupperware","STATE",996.58,997.213,"Amanda"
"757","Mokai","interacting with tupperware","STATE",999.647,1000.513,"Amanda"
"758","Mokai","bark/whine vocalization","POINT",1002.28,1002.28,"Amanda"
"759","Mokai","bark/whine vocalization","POINT",1005.648,1005.648,"Amanda"
"760","Mokai","looking at owner","POINT",1075.825,1075.825,"Amanda"
"761","Mokai","alternating gaze","POINT",1077.892,1077.892,"Amanda"
"762","Waffle","interacting with tupperware","STATE",22.01,23.545,"Amanda"
"763","Waffle","alternating gaze","POINT",25.478,25.478,"Amanda"
"764","Waffle","interacting with tupperware","STATE",30.347,35.683,"Amanda"
"765","Waffle","interacting with tupperware","STATE",36.45,37.55,"Amanda"
"766","Waffle","alternating gaze","POINT",39.652,39.652,"Amanda"
"767","Waffle","interacting with tupperware","STATE",60.995,66.197,"Amanda"
"768","Waffle","interacting with tupperware","STATE",66.397,69.365,"Amanda"
"769","Waffle","interacting with tupperware","STATE",69.532,71.1,"Amanda"
"770","Waffle","interacting with tupperware","STATE",71.533,72.1,"Amanda"
"771","Waffle","interacting with tupperware","STATE",72.833,75.002,"Amanda"
"772","Waffle","interacting with tupperware","STATE",80.47,81.438,"Amanda"
"773","Waffle","interacting with tupperware","STATE",81.538,82.238,"Amanda"
"774","Waffle","interacting with tupperware","STATE",83.572,84.138,"Amanda"
"775","Waffle","interacting with tupperware","STATE",86.173,86.74,"Amanda"
"776","Waffle","interacting with tupperware","STATE",89.608,90.108,"Amanda"
"777","Waffle","interacting with tupperware","STATE",91.008,97.245,"Amanda"
"778","Waffle","alternating gaze","POINT",108.017,108.017,"Amanda"
"779","Waffle","alternating gaze","POINT",117.888,117.888,"Amanda"
"780","Waffle","bark/whine vocalization","POINT",119.322,119.322,"Amanda"
"781","Waffle","bark/whine vocalization","POINT",133.262,133.262,"Amanda"
"782","Waffle","alternating gaze","POINT",135.062,135.062,"Amanda"
"783","Waffle","looking at owner","POINT",152.237,152.237,"Amanda"
"784","Waffle","alternating gaze","POINT",152.437,152.437,"Amanda"
"785","Waffle","alternating gaze","POINT",159.673,159.673,"Amanda"
"786","Waffle","bark/whine vocalization","POINT",162.542,162.542,"Amanda"
"787","Waffle","looking at owner","POINT",172.113,172.113,"Amanda"
"788","Waffle","alternating gaze","POINT",172.347,172.347,"Amanda"
"789","Waffle","bark/whine vocalization","POINT",177.715,177.715,"Amanda"
"790","Waffle","alternating gaze","POINT",178.315,178.315,"Amanda"
"791","Waffle","bark/whine vocalization","POINT",192.355,192.355,"Amanda"
"792","Waffle","interacting with tupperware","STATE",256.552,257.452,"Amanda"
"793","Waffle","interacting with tupperware","STATE",261.52,262.888,"Amanda"
"794","Waffle","interacting with tupperware","STATE",265.255,265.422,"Amanda"
"795","Waffle","interacting with tupperware","STATE",265.89,266.99,"Amanda"
"796","Waffle","alternating gaze","POINT",268.69,268.69,"Amanda"
"797","Waffle","looking at owner","POINT",281.13,281.13,"Amanda"
"798","Waffle","looking at owner","POINT",287.833,287.833,"Amanda"
"799","Waffle","bark/whine vocalization","POINT",302.34,302.34,"Amanda"
"800","Waffle","bark/whine vocalization","POINT",306.742,306.742,"Amanda"
"801","Waffle","bark/whine vocalization","POINT",310.177,310.177,"Amanda"
"802","Waffle","looking at owner","POINT",310.81,310.81,"Amanda"
"803","Waffle","bark/whine vocalization","POINT",314.178,314.178,"Amanda"
"804","Waffle","bark/whine vocalization","POINT",319.78,319.78,"Amanda"
"805","Waffle","bark/whine vocalization","POINT",325.817,325.817,"Amanda"
"806","Waffle","looking at owner","POINT",328.218,328.218,"Amanda"
"807","Waffle","bark/whine vocalization","POINT",335.688,335.688,"Amanda"
"808","Waffle","bark/whine vocalization","POINT",361.2,361.2,"Amanda"
"809","Waffle","alternating gaze","POINT",376.34,376.34,"Amanda"
"810","Waffle","looking at owner","POINT",395.883,395.883,"Amanda"
"811","Waffle","alternating gaze","POINT",398.883,398.883,"Amanda"
"812","Waffle","looking at owner","POINT",433.2,433.2,"Amanda"
"813","Waffle","interacting with tupperware","STATE",486.558,487.892,"Amanda"
"814","Waffle","interacting with tupperware","STATE",488.825,490.327,"Amanda"
"815","Waffle","interacting with tupperware","STATE",491.927,493.393,"Amanda"
"816","Waffle","interacting with tupperware","STATE",504.4,505.8,"Amanda"
"817","Waffle","looking at owner","POINT",509.768,509.768,"Amanda"
"818","Waffle","looking at owner","POINT",522.34,522.34,"Amanda"
"819","Waffle","alternating gaze","POINT",523.475,523.475,"Amanda"
"820","Waffle","looking at owner","POINT",540.248,540.248,"Amanda"
"821","Waffle","looking at owner","POINT",572.03,572.03,"Amanda"
"822","Waffle","looking at owner","POINT",590.072,590.072,"Amanda"
"823","Waffle","looking at owner","POINT",639.095,639.095,"Amanda"
"824","Waffle","looking at owner","POINT",642.697,642.697,"Amanda"
"825","Waffle","interacting with tupperware","STATE",725.535,728.268,"Amanda"
"826","Waffle","bark/whine vocalization","POINT",733.338,733.338,"Amanda"
"827","Waffle","alternating gaze","POINT",735.205,735.205,"Amanda"
"828","Waffle","bark/whine vocalization","POINT",741.875,741.875,"Amanda"
"829","Waffle","looking at owner","POINT",763.518,763.518,"Amanda"
"830","Waffle","bark/whine vocalization","POINT",784.895,784.895,"Amanda"
"831","Waffle","alternating gaze","POINT",786.195,786.195,"Amanda"
"832","Waffle","bark/whine vocalization","POINT",893.978,893.978,"Amanda"
"833","Waffle","interacting with tupperware","STATE",1012.133,1012.8,"Amanda"
"834","Waffle","interacting with tupperware","STATE",1013.333,1013.733,"Amanda"
"835","Waffle","interacting with tupperware","STATE",1014.302,1015.068,"Amanda"
"836","Waffle","interacting with tupperware","STATE",1015.868,1016.002,"Amanda"
"837","Waffle","interacting with tupperware","STATE",1016.402,1016.568,"Amanda"
"838","Waffle","interacting with tupperware","STATE",1017.435,1017.602,"Amanda"
"839","Waffle","interacting with tupperware","STATE",1017.868,1018.037,"Amanda"
"840","Waffle","interacting with tupperware","STATE",1018.203,1018.37,"Amanda"
"841","Waffle","interacting with tupperware","STATE",1018.537,1022.505,"Amanda"
"842","Waffle","interacting with tupperware","STATE",1022.672,1022.905,"Amanda"
"843","Waffle","interacting with tupperware","STATE",1025.607,1030.342,"Amanda"
"844","Waffle","interacting with tupperware","STATE",1030.742,1031.108,"Amanda"
"845","Waffle","interacting with tupperware","STATE",1031.342,1032.677,"Amanda"
"846","Waffle","interacting with tupperware","STATE",1035.01,1035.143,"Amanda"
"847","Waffle","interacting with tupperware","STATE",1035.71,1035.978,"Amanda"
"848","Waffle","interacting with tupperware","STATE",1036.312,1036.512,"Amanda"
"849","Waffle","interacting with tupperware","STATE",1037.012,1037.512,"Amanda"
"850","Waffle","interacting with tupperware","STATE",1039.613,1040.547,"Amanda"
"851","Waffle","interacting with tupperware","STATE",1040.647,1040.78,"Amanda"
"852","Waffle","interacting with tupperware","STATE",1040.88,1041.113,"Amanda"
"853","Waffle","interacting with tupperware","STATE",1041.813,1042.513,"Amanda"
"854","Waffle","interacting with tupperware","STATE",1043.282,1044.348,"Amanda"
"855","Waffle","interacting with tupperware","STATE",1045.115,1046.315,"Amanda"
"856","Waffle","interacting with tupperware","STATE",1047.65,1048.417,"Amanda"
"857","Waffle","interacting with tupperware","STATE",1048.917,1049.417,"Amanda"
"858","Waffle","interacting with tupperware","STATE",1049.983,1051.352,"Amanda"
"859","Waffle","interacting with tupperware","STATE",1053.618,1064.023,"Amanda"
"860","Waffle","looking at owner","POINT",1071.993,1071.993,"Amanda"
"861","Waffle","nudging/scratching/paw owner","POINT",1074.795,1074.795,"Amanda"
"862","Waffle","nudging/scratching/paw owner","POINT",1075.897,1075.897,"Amanda"
"863","Waffle","nudging/scratching/paw owner","POINT",1076.33,1076.33,"Amanda"
"864","Waffle","looking at owner","POINT",1082.398,1082.398,"Amanda"
"865","Waffle","positioning in front of owner","POINT",1083.833,1083.833,"Amanda"
"866","Waffle","bark/whine vocalization","POINT",1098.44,1098.44,"Amanda"
"867","Waffle","bark/whine vocalization","POINT",1108.845,1108.845,"Amanda"
"868","Waffle","bark/whine vocalization","POINT",1119.25,1119.25,"Amanda"
"869","Waffle","bark/whine vocalization","POINT",1172.573,1172.573,"Amanda"
"870","Waffle","bark/whine vocalization","POINT",1176.775,1176.775,"Amanda"
"871","Waffle","bark/whine vocalization","POINT",1179.777,1179.777,"Amanda"
"872","Waffle","bark/whine vocalization","POINT",1183.245,1183.245,"Amanda"
"873","Waffle","bark/whine vocalization","POINT",1190.948,1190.948,"Amanda"
"874","Waffle","interacting with tupperware","STATE",1268.918,1269.052,"Amanda"
"875","Waffle","interacting with tupperware","STATE",1269.218,1269.718,"Amanda"
"876","Waffle","interacting with tupperware","STATE",1271.52,1271.72,"Amanda"
"877","Waffle","interacting with tupperware","STATE",1273.287,1273.687,"Amanda"
"878","Waffle","interacting with tupperware","STATE",1278.39,1278.79,"Amanda"
"879","Waffle","interacting with tupperware","STATE",1279.923,1280.023,"Amanda"
"880","Waffle","interacting with tupperware","STATE",1283.025,1283.258,"Amanda"
"881","Waffle","interacting with tupperware","STATE",1283.558,1284.092,"Amanda"
"882","Waffle","interacting with tupperware","STATE",1287.527,1287.693,"Amanda"
"883","Waffle","interacting with tupperware","STATE",1287.827,1288.56,"Amanda"
"884","Waffle","looking at owner","POINT",1292.897,1292.897,"Amanda"
"885","Waffle","alternating gaze","POINT",1293.63,1293.63,"Amanda"
"886","Waffle","nudging/scratching/paw owner","POINT",1297.698,1297.698,"Amanda"
"887","Waffle","nudging/scratching/paw owner","POINT",1298.198,1298.198,"Amanda"
"888","Waffle","looking at owner","POINT",1300.133,1300.133,"Amanda"
"889","Waffle","looking at owner","POINT",1344.153,1344.153,"Amanda"
"890","Waffle","looking at owner","POINT",1385.905,1385.905,"Amanda"
"891","Waffle","looking at owner","POINT",1393.808,1393.808,"Amanda"
"892","Waffle","looking at owner","POINT",1402.147,1402.147,"Amanda"
"893","Waffle","looking at owner","POINT",1438.597,1438.597,"Amanda"
"894","Remi","looking at owner","POINT",32.785,32.785,"Amanda"
"895","Remi","alternating gaze","POINT",33.385,33.385,"Amanda"
"896","Remi","interacting with tupperware","STATE",35.618,40.255,"Amanda"
"897","Remi","interacting with tupperware","STATE",40.922,43.29,"Amanda"
"898","Remi","interacting with tupperware","STATE",44.857,47.892,"Amanda"
"899","Remi","alternating gaze","POINT",49.027,49.027,"Amanda"
"900","Remi","interacting with tupperware","STATE",53.828,57.698,"Amanda"
"901","Remi","interacting with tupperware","STATE",59.632,66.535,"Amanda"
"902","Remi","interacting with tupperware","STATE",83.945,87.113,"Amanda"
"903","Remi","looking at owner","POINT",96.452,96.452,"Amanda"
"904","Remi","alternating gaze","POINT",97.352,97.352,"Amanda"
"905","Remi","alternating gaze","POINT",115.462,115.462,"Amanda"
"906","Remi","alternating gaze","POINT",124.4,124.4,"Amanda"
"907","Remi","looking at owner","POINT",144.645,144.645,"Amanda"
"908","Remi","looking at owner","POINT",148.947,148.947,"Amanda"
"909","Remi","looking at owner","POINT",198.14,198.14,"Amanda"
"910","Remi","looking at owner","POINT",201.842,201.842,"Amanda"
"911","Remi","alternating gaze","POINT",203.343,203.343,"Amanda"
"912","Remi","interacting with tupperware","STATE",279.183,284.053,"Amanda"
"913","Remi","interacting with tupperware","STATE",285.153,289.857,"Amanda"
"914","Remi","interacting with tupperware","STATE",290.923,296.46,"Amanda"
"915","Remi","alternating gaze","POINT",299.628,299.628,"Amanda"
"916","Remi","interacting with tupperware","STATE",306.865,311.468,"Amanda"
"917","Remi","interacting with tupperware","STATE",314.235,318.172,"Amanda"
"918","Remi","interacting with tupperware","STATE",322.84,326.175,"Amanda"
"919","Remi","interacting with tupperware","STATE",326.675,330.045,"Amanda"
"920","Remi","interacting with tupperware","STATE",348.588,368.432,"Amanda"
"921","Remi","interacting with tupperware","STATE",371.533,374.235,"Amanda"
"922","Remi","interacting with tupperware","STATE",374.902,376.068,"Amanda"
"923","Remi","alternating gaze","POINT",376.937,376.937,"Amanda"
"924","Remi","bark/whine vocalization","POINT",381.505,381.505,"Amanda"
"925","Remi","looking at owner","POINT",427.763,427.763,"Amanda"
"926","Remi","alternating gaze","POINT",437.735,437.735,"Amanda"
"927","Remi","looking at owner","POINT",456.245,456.245,"Amanda"
"928","Remi","interacting with tupperware","STATE",515.01,515.11,"Amanda"
"929","Remi","interacting with tupperware","STATE",528.05,531.185,"Amanda"
"930","Remi","interacting with tupperware","STATE",533.453,567.405,"Amanda"
"931","Remi","interacting with tupperware","STATE",570.407,572.575,"Amanda"
"932","Remi","interacting with tupperware","STATE",575.043,578.712,"Amanda"
"933","Remi","interacting with tupperware","STATE",579.912,582.347,"Amanda"
"934","Remi","interacting with tupperware","STATE",594.787,604.392,"Amanda"
"935","Remi","alternating gaze","POINT",604.758,604.758,"Amanda"
"936","Remi","looking at owner","POINT",608.593,608.593,"Amanda"
"937","Remi","looking at owner","POINT",621.435,621.435,"Amanda"
"938","Remi","alternating gaze","POINT",621.868,621.868,"Amanda"
"939","Remi","looking at owner","POINT",624.903,624.903,"Amanda"
"940","Remi","looking at owner","POINT",627.672,627.672,"Amanda"
"941","Remi","looking at owner","POINT",628.905,628.905,"Amanda"
"942","Remi","looking at owner","POINT",635.208,635.208,"Amanda"
"943","Remi","interacting with tupperware","STATE",751.238,754.807,"Amanda"
"944","Remi","alternating gaze","POINT",756.342,756.342,"Amanda"
"945","Remi","interacting with tupperware","STATE",760.577,772.485,"Amanda"
"946","Remi","interacting with tupperware","STATE",773.518,780.623,"Amanda"
"947","Remi","interacting with tupperware","STATE",782.757,789.295,"Amanda"
"948","Remi","interacting with tupperware","STATE",798.667,801.135,"Amanda"
"949","Remi","interacting with tupperware","STATE",804.303,804.97,"Amanda"
"950","Remi","interacting with tupperware","STATE",806.338,811.475,"Amanda"
"951","Remi","alternating gaze","POINT",812.708,812.708,"Amanda"
"952","Remi","interacting with tupperware","STATE",824.382,824.65,"Amanda"
"953","Remi","looking at owner","POINT",833.455,833.455,"Amanda"
"954","Remi","looking at owner","POINT",843.493,843.493,"Amanda"
"955","Remi","looking at owner","POINT",851.798,851.798,"Amanda"
"956","Remi","alternating gaze","POINT",852.567,852.567,"Amanda"
"957","Remi","looking at owner","POINT",876.447,876.447,"Amanda"
"958","Remi","looking at owner","POINT",927.412,927.412,"Amanda"
"959","Remi","alternating gaze","POINT",1002.99,1002.99,"Amanda"
"960","Remi","looking at owner","POINT",1038.778,1038.778,"Amanda"
"961","Remi","alternating gaze","POINT",1059.958,1059.958,"Amanda"
